id,ppg,gsr
1,1569,
2,1569,
3,1568,
4,1600,
5,1600,
6,1632,
7,1633,
8,1616,
9,1648,
10,1841,
11,2065,
12,2112,
13,1921,
14,1729,
15,1617,
16,1617,
17,1665,
18,1728,
19,1745,
20,1712,
21,1648,
22,1616,
23,1601,
24,1600,
25,1617,
26,1601,
27,1633,
28,1665,
29,1632,
30,1648,
31,1792,
32,1984,
33,2000,
34,1873,
35,1712,
36,1585,
37,1569,
38,1617,
39,1697,
40,1696,
41,1648,
42,1601,
43,1584,
44,1585,
45,1585,
46,1585,
47,1600,
48,1617,
49,1617,
50,1617,
51,,0
52,,689
53,,689
54,,688
55,,688
56,,689
57,,689
58,,689
59,,689
60,,689
61,,688
62,,689
63,,688
64,,688
65,,688
66,,689
67,,688
68,,688
69,,688
70,,672
71,,688
72,,688
73,,689
74,,689
75,,689
76,,688
77,,673
78,,689
79,,672
80,,689
81,,672
82,,689
83,,689
84,,673
85,,688
86,,673
87,,673
88,,672
89,,673
90,,688
91,,688
92,,672
93,,689
94,,689
95,,688
96,,672
97,,689
98,,688
99,,673
100,,689
101,1649,
102,1841,
103,2064,
104,2097,
105,1921,
106,1729,
107,1633,
108,1600,
109,1633,
110,1681,
111,1696,
112,1680,
113,1648,
114,1601,
115,1584,
116,1569,
117,1569,
118,1568,
119,1584,
120,1585,
121,1601,
122,1600,
123,1600,
124,1616,
125,1712,
126,1984,
127,2225,
128,2177,
129,1904,
130,1665,
131,1536,
132,1537,
133,1600,
134,1649,
135,1664,
136,1681,
137,1681,
138,1648,
139,1585,
140,1552,
141,1537,
142,1568,
143,1600,
144,1617,
145,1600,
146,1600,
147,1792,
148,2032,
149,2032,
150,1840,
151,,0
152,,689
153,,672
154,,689
155,,689
156,,689
157,,689
158,,688
159,,688
160,,689
161,,672
162,,689
163,,688
164,,689
165,,689
166,,688
167,,689
168,,689
169,,689
170,,688
171,,689
172,,689
173,,688
174,,688
175,,672
176,,688
177,,688
178,,688
179,,689
180,,689
181,,688
182,,688
183,,689
184,,689
185,,689
186,,689
187,,673
188,,688
189,,688
190,,689
191,,689
192,,688
193,,688
194,,688
195,,688
196,,689
197,,689
198,,688
199,,689
200,,688
201,1633,
202,1505,
203,1505,
204,1553,
205,1632,
206,1665,
207,1648,
208,1601,
209,1569,
210,1536,
211,1552,
212,1553,
213,1584,
214,1601,
215,1600,
216,1584,
217,1568,
218,1552,
219,1536,
220,1665,
221,1969,
222,2160,
223,2048,
224,1777,
225,1584,
226,1537,
227,1568,
228,1617,
229,1680,
230,1680,
231,1617,
232,1569,
233,1552,
234,1537,
235,1568,
236,1616,
237,1616,
238,1616,
239,1601,
240,1584,
241,1617,
242,1616,
243,1601,
244,1617,
245,1745,
246,2000,
247,2145,
248,2049,
249,1808,
250,1616,
251,,0
252,,689
253,,689
254,,689
255,,689
256,,689
257,,688
258,,689
259,,689
260,,689
261,,688
262,,689
263,,689
264,,689
265,,688
266,,689
267,,688
268,,689
269,,688
270,,688
271,,688
272,,688
273,,688
274,,689
275,,689
276,,688
277,,689
278,,689
279,,688
280,,689
281,,688
282,,689
283,,689
284,,689
285,,689
286,,688
287,,689
288,,689
289,,689
290,,689
291,,689
292,,689
293,,689
294,,688
295,,689
296,,689
297,,689
298,,689
299,,689
300,,688
301,1537,
302,1553,
303,1648,
304,1713,
305,1696,
306,1633,
307,1585,
308,1584,
309,1584,
310,1585,
311,1584,
312,1585,
313,1569,
314,1584,
315,1584,
316,1616,
317,1809,
318,2017,
319,1985,
320,1793,
321,1617,
322,1521,
323,1520,
324,1585,
325,1649,
326,1665,
327,1649,
328,1600,
329,1552,
330,1536,
331,1553,
332,1552,
333,1568,
334,1552,
335,1584,
336,1584,
337,1585,
338,1585,
339,1680,
340,1921,
341,2081,
342,2016,
343,1793,
344,1600,
345,1537,
346,1584,
347,1648,
348,1681,
349,1696,
350,1664,
351,,0
352,,688
353,,688
354,,688
355,,688
356,,688
357,,689
358,,688
359,,688
360,,688
361,,689
362,,672
363,,689
364,,688
365,,689
366,,688
367,,688
368,,689
369,,689
370,,672
371,,689
372,,688
373,,688
374,,688
375,,688
376,,672
377,,688
378,,688
379,,688
380,,689
381,,689
382,,688
383,,688
384,,689
385,,689
386,,689
387,,689
388,,688
389,,689
390,,689
391,,688
392,,689
393,,689
394,,688
395,,688
396,,688
397,,688
398,,689
399,,689
400,,689
401,1632,
402,1600,
403,1569,
404,1569,
405,1553,
406,1584,
407,1632,
408,1632,
409,1601,
410,1616,
411,1616,
412,1664,
413,1857,
414,2049,
415,1985,
416,1793,
417,1649,
418,1584,
419,1585,
420,1648,
421,1680,
422,1697,
423,1696,
424,1632,
425,1553,
426,1504,
427,1537,
428,1601,
429,1681,
430,1729,
431,1729,
432,1712,
433,1825,
434,2049,
435,2177,
436,2080,
437,1905,
438,1745,
439,1584,
440,1504,
441,1472,
442,1424,
443,1456,
444,1520,
445,1473,
446,1473,
447,1569,
448,1680,
449,1665,
450,1648,
451,,0
452,,689
453,,688
454,,688
455,,689
456,,689
457,,688
458,,688
459,,688
460,,689
461,,689
462,,689
463,,688
464,,688
465,,673
466,,689
467,,688
468,,688
469,,688
470,,689
471,,673
472,,689
473,,689
474,,689
475,,688
476,,672
477,,673
478,,672
479,,688
480,,672
481,,672
482,,688
483,,688
484,,672
485,,672
486,,673
487,,673
488,,673
489,,672
490,,673
491,,673
492,,656
493,,673
494,,672
495,,673
496,,672
497,,673
498,,673
499,,673
500,,672
501,1808,
502,2128,
503,2273,
504,2144,
505,1904,
506,1649,
507,1505,
508,1521,
509,1681,
510,1872,
511,1921,
512,1840,
513,1744,
514,1680,
515,1616,
516,1617,
517,1633,
518,1824,
519,2049,
520,2097,
521,1953,
522,1745,
523,1601,
524,1584,
525,1632,
526,1697,
527,1728,
528,1681,
529,1616,
530,1585,
531,1553,
532,1568,
533,1584,
534,1601,
535,1617,
536,1617,
537,1601,
538,1617,
539,1600,
540,1600,
541,1584,
542,1584,
543,1569,
544,1584,
545,1569,
546,1696,
547,2000,
548,2208,
549,2144,
550,1889,
551,,0
552,,673
553,,657
554,,657
555,,672
556,,672
557,,656
558,,657
559,,656
560,,657
561,,657
562,,656
563,,672
564,,656
565,,657
566,,657
567,,656
568,,656
569,,657
570,,656
571,,656
572,,657
573,,656
574,,656
575,,656
576,,656
577,,656
578,,641
579,,657
580,,657
581,,640
582,,656
583,,656
584,,656
585,,656
586,,641
587,,657
588,,641
589,,641
590,,640
591,,640
592,,640
593,,641
594,,640
595,,641
596,,656
597,,641
598,,640
599,,656
600,,640
601,1729,
602,1649,
603,1648,
604,1681,
605,1760,
606,1793,
607,1745,
608,1697,
609,1648,
610,1601,
611,1585,
612,1553,
613,1601,
614,1648,
615,1664,
616,1633,
617,1616,
618,1601,
619,1569,
620,1600,
621,1616,
622,1616,
623,1824,
624,2096,
625,2160,
626,1968,
627,1728,
628,1584,
629,1537,
630,1584,
631,1665,
632,1697,
633,1665,
634,1632,
635,1569,
636,1553,
637,1552,
638,1584,
639,1616,
640,1632,
641,1632,
642,1600,
643,1600,
644,1584,
645,1632,
646,1872,
647,2048,
648,1985,
649,1793,
650,1617,
651,,0
652,,641
653,,656
654,,641
655,,656
656,,640
657,,641
658,,641
659,,641
660,,656
661,,641
662,,640
663,,641
664,,656
665,,657
666,,641
667,,640
668,,641
669,,640
670,,641
671,,640
672,,641
673,,641
674,,640
675,,657
676,,641
677,,657
678,,656
679,,641
680,,657
681,,657
682,,641
683,,656
684,,656
685,,656
686,,640
687,,641
688,,656
689,,656
690,,641
691,,657
692,,641
693,,656
694,,641
695,,640
696,,641
697,,656
698,,656
699,,656
700,,657
701,1569,
702,1601,
703,1632,
704,1665,
705,1681,
706,1648,
707,1601,
708,1585,
709,1569,
710,1585,
711,1568,
712,1584,
713,1585,
714,1601,
715,1585,
716,1568,
717,1568,
718,1521,
719,1553,
720,1680,
721,1937,
722,2049,
723,1937,
724,1729,
725,1601,
726,1584,
727,1616,
728,1649,
729,1712,
730,1696,
731,1633,
732,1584,
733,1584,
734,1601,
735,1601,
736,1617,
737,1601,
738,1600,
739,1617,
740,1633,
741,1617,
742,1617,
743,1617,
744,1568,
745,1552,
746,1776,
747,2065,
748,2064,
749,1857,
750,1665,
751,,0
752,,640
753,,657
754,,657
755,,657
756,,656
757,,657
758,,657
759,,641
760,,641
761,,656
762,,657
763,,657
764,,640
765,,657
766,,657
767,,641
768,,656
769,,656
770,,640
771,,657
772,,656
773,,641
774,,657
775,,656
776,,656
777,,656
778,,657
779,,656
780,,641
781,,657
782,,657
783,,657
784,,657
785,,657
786,,657
787,,657
788,,656
789,,640
790,,656
791,,641
792,,657
793,,657
794,,656
795,,641
796,,657
797,,656
798,,640
799,,657
800,,657
801,1585,
802,1601,
803,1681,
804,1745,
805,1745,
806,1712,
807,1648,
808,1585,
809,1585,
810,1601,
811,1617,
812,1633,
813,1600,
814,1600,
815,1584,
816,1601,
817,1601,
818,1728,
819,1905,
820,1953,
821,1856,
822,1680,
823,1585,
824,1585,
825,1616,
826,1696,
827,1728,
828,1697,
829,1649,
830,1616,
831,1584,
832,1584,
833,1600,
834,1600,
835,1616,
836,1617,
837,1616,
838,1601,
839,1616,
840,1600,
841,1665,
842,1873,
843,2001,
844,1905,
845,1744,
846,1617,
847,1552,
848,1584,
849,1633,
850,1681,
851,,0
852,,656
853,,656
854,,657
855,,641
856,,640
857,,657
858,,640
859,,656
860,,657
861,,657
862,,656
863,,641
864,,656
865,,656
866,,640
867,,656
868,,657
869,,657
870,,656
871,,656
872,,656
873,,641
874,,640
875,,657
876,,657
877,,657
878,,656
879,,656
880,,656
881,,657
882,,657
883,,657
884,,640
885,,657
886,,656
887,,656
888,,657
889,,657
890,,657
891,,656
892,,657
893,,657
894,,656
895,,656
896,,657
897,,656
898,,656
899,,656
900,,657
901,1665,
902,1649,
903,1616,
904,1616,
905,1584,
906,1585,
907,1584,
908,1616,
909,1569,
910,1584,
911,1648,
912,1648,
913,1632,
914,1648,
915,1809,
916,1969,
917,2000,
918,1872,
919,1696,
920,1601,
921,1616,
922,1665,
923,1728,
924,1744,
925,1728,
926,1665,
927,1633,
928,1601,
929,1616,
930,1616,
931,1617,
932,1616,
933,1633,
934,1632,
935,1600,
936,1585,
937,1729,
938,1905,
939,1968,
940,1856,
941,1713,
942,1601,
943,1584,
944,1632,
945,1713,
946,1761,
947,1729,
948,1680,
949,1632,
950,1600,
951,,0
952,,656
953,,657
954,,656
955,,657
956,,657
957,,656
958,,656
959,,656
960,,656
961,,657
962,,657
963,,656
964,,656
965,,656
966,,657
967,,657
968,,657
969,,656
970,,657
971,,656
972,,656
973,,656
974,,656
975,,657
976,,657
977,,657
978,,657
979,,657
980,,657
981,,657
982,,672
983,,657
984,,656
985,,657
986,,657
987,,656
988,,657
989,,657
990,,657
991,,656
992,,672
993,,656
994,,657
995,,656
996,,672
997,,657
998,,672
999,,656
1000,,657
1001,1584,
1002,1600,
1003,1600,
1004,1601,
1005,1617,
1006,1617,
1007,1632,
1008,1616,
1009,1601,
1010,1713,
1011,1920,
1012,2032,
1013,1968,
1014,1792,
1015,1665,
1016,1616,
1017,1649,
1018,1697,
1019,1744,
1020,1712,
1021,1681,
1022,1633,
1023,1600,
1024,1601,
1025,1600,
1026,1601,
1027,1601,
1028,1617,
1029,1633,
1030,1633,
1031,1633,
1032,1633,
1033,1633,
1034,1617,
1035,1664,
1036,1856,
1037,2064,
1038,2064,
1039,1905,
1040,1728,
1041,1600,
1042,1601,
1043,1680,
1044,1729,
1045,1761,
1046,1744,
1047,1681,
1048,1617,
1049,1600,
1050,1617,
1051,,0
1052,,656
1053,,656
1054,,657
1055,,673
1056,,672
1057,,656
1058,,657
1059,,673
1060,,656
1061,,657
1062,,672
1063,,672
1064,,657
1065,,672
1066,,673
1067,,673
1068,,673
1069,,672
1070,,672
1071,,672
1072,,672
1073,,656
1074,,672
1075,,672
1076,,673
1077,,672
1078,,673
1079,,673
1080,,672
1081,,656
1082,,673
1083,,672
1084,,657
1085,,656
1086,,673
1087,,673
1088,,673
1089,,672
1090,,673
1091,,672
1092,,672
1093,,673
1094,,672
1095,,672
1096,,672
1097,,672
1098,,657
1099,,673
1100,,673
1101,1632,
1102,1632,
1103,1633,
1104,1648,
1105,1616,
1106,1616,
1107,1616,
1108,1600,
1109,1696,
1110,1905,
1111,2017,
1112,1937,
1113,1745,
1114,1600,
1115,1536,
1116,1569,
1117,1697,
1118,1793,
1119,1809,
1120,1808,
1121,1776,
1122,1712,
1123,1633,
1124,1536,
1125,1441,
1126,1456,
1127,1520,
1128,1536,
1129,1552,
1130,1521,
1131,1504,
1132,1536,
1133,1729,
1134,2017,
1135,2129,
1136,1920,
1137,1680,
1138,1569,
1139,1617,
1140,1793,
1141,1984,
1142,2017,
1143,1825,
1144,1569,
1145,1376,
1146,1376,
1147,1537,
1148,1776,
1149,1857,
1150,1857,
1151,,0
1152,,672
1153,,657
1154,,673
1155,,672
1156,,673
1157,,672
1158,,673
1159,,672
1160,,673
1161,,672
1162,,672
1163,,657
1164,,673
1165,,673
1166,,672
1167,,656
1168,,672
1169,,672
1170,,672
1171,,657
1172,,672
1173,,673
1174,,672
1175,,672
1176,,672
1177,,657
1178,,672
1179,,673
1180,,657
1181,,656
1182,,657
1183,,657
1184,,656
1185,,656
1186,,656
1187,,656
1188,,656
1189,,656
1190,,657
1191,,640
1192,,656
1193,,657
1194,,640
1195,,657
1196,,657
1197,,640
1198,,656
1199,,640
1200,,641
1201,1696,
1202,1520,
1203,1408,
1204,1377,
1205,1425,
1206,1520,
1207,1729,
1208,2001,
1209,2081,
1210,1937,
1211,1728,
1212,1569,
1213,1504,
1214,1536,
1215,1585,
1216,1664,
1217,1697,
1218,1681,
1219,1648,
1220,1585,
1221,1552,
1222,1536,
1223,1552,
1224,1600,
1225,1600,
1226,1601,
1227,1616,
1228,1744,
1229,1953,
1230,2033,
1231,1905,
1232,1648,
1233,1520,
1234,1536,
1235,1600,
1236,1697,
1237,1745,
1238,1744,
1239,1729,
1240,1648,
1241,1600,
1242,1537,
1243,1553,
1244,1553,
1245,1585,
1246,1632,
1247,1633,
1248,1632,
1249,1697,
1250,1920,
1251,,0
1252,,640
1253,,625
1254,,641
1255,,640
1256,,640
1257,,640
1258,,625
1259,,640
1260,,641
1261,,640
1262,,624
1263,,625
1264,,624
1265,,625
1266,,625
1267,,624
1268,,624
1269,,625
1270,,625
1271,,625
1272,,625
1273,,625
1274,,624
1275,,624
1276,,624
1277,,624
1278,,625
1279,,624
1280,,624
1281,,609
1282,,625
1283,,608
1284,,624
1285,,609
1286,,608
1287,,609
1288,,625
1289,,609
1290,,624
1291,,624
1292,,609
1293,,624
1294,,609
1295,,625
1296,,624
1297,,608
1298,,624
1299,,609
1300,,625
1301,2112,
1302,2048,
1303,1889,
1304,1744,
1305,1649,
1306,1617,
1307,1665,
1308,1728,
1309,1728,
1310,1696,
1311,1649,
1312,1585,
1313,1585,
1314,1584,
1315,1617,
1316,1617,
1317,1648,
1318,1649,
1319,1632,
1320,1601,
1321,1617,
1322,1633,
1323,1633,
1324,1633,
1325,1665,
1326,1841,
1327,2145,
1328,2257,
1329,2080,
1330,1825,
1331,1649,
1332,1600,
1333,1664,
1334,1729,
1335,1761,
1336,1728,
1337,1681,
1338,1633,
1339,1584,
1340,1584,
1341,1616,
1342,1633,
1343,1664,
1344,1633,
1345,1617,
1346,1616,
1347,1585,
1348,1584,
1349,1728,
1350,2033,
1351,,0
1352,,608
1353,,624
1354,,624
1355,,625
1356,,624
1357,,624
1358,,625
1359,,625
1360,,624
1361,,625
1362,,625
1363,,625
1364,,609
1365,,624
1366,,625
1367,,624
1368,,625
1369,,625
1370,,624
1371,,625
1372,,625
1373,,624
1374,,625
1375,,624
1376,,624
1377,,625
1378,,624
1379,,625
1380,,625
1381,,625
1382,,625
1383,,625
1384,,624
1385,,641
1386,,624
1387,,624
1388,,625
1389,,625
1390,,625
1391,,625
1392,,625
1393,,640
1394,,624
1395,,625
1396,,624
1397,,625
1398,,640
1399,,640
1400,,625
1401,2177,
1402,2000,
1403,1729,
1404,1505,
1405,1473,
1406,1568,
1407,1665,
1408,1729,
1409,1696,
1410,1617,
1411,1553,
1412,1520,
1413,1521,
1414,1536,
1415,1616,
1416,1665,
1417,1633,
1418,1600,
1419,1568,
1420,1552,
1421,1553,
1422,1553,
1423,1600,
1424,1841,
1425,2113,
1426,2017,
1427,1825,
1428,1680,
1429,1601,
1430,1584,
1431,1600,
1432,1648,
1433,1632,
1434,1568,
1435,1536,
1436,1568,
1437,1617,
1438,1600,
1439,1569,
1440,1553,
1441,1569,
1442,1552,
1443,1568,
1444,1569,
1445,1569,
1446,1568,
1447,1569,
1448,1616,
1449,1632,
1450,1649,
1451,,0
1452,,640
1453,,625
1454,,625
1455,,641
1456,,625
1457,,640
1458,,625
1459,,624
1460,,625
1461,,641
1462,,640
1463,,641
1464,,624
1465,,640
1466,,625
1467,,625
1468,,624
1469,,624
1470,,625
1471,,640
1472,,625
1473,,640
1474,,624
1475,,641
1476,,640
1477,,625
1478,,641
1479,,624
1480,,640
1481,,625
1482,,641
1483,,624
1484,,641
1485,,641
1486,,641
1487,,641
1488,,641
1489,,640
1490,,640
1491,,640
1492,,640
1493,,640
1494,,640
1495,,640
1496,,640
1497,,641
1498,,641
1499,,640
1500,,640
1501,1713,
1502,1969,
1503,2192,
1504,2144,
1505,1905,
1506,1697,
1507,1616,
1508,1633,
1509,1696,
1510,1745,
1511,1744,
1512,1681,
1513,1600,
1514,1520,
1515,1488,
1516,1537,
1517,1632,
1518,1713,
1519,1760,
1520,1793,
1521,1792,
1522,1760,
1523,1681,
1524,1537,
1525,1505,
1526,1697,
1527,1904,
1528,1905,
1529,1808,
1530,1712,
1531,1649,
1532,1601,
1533,1600,
1534,1633,
1535,1665,
1536,1681,
1537,1649,
1538,1632,
1539,1600,
1540,1569,
1541,1584,
1542,1617,
1543,1665,
1544,1649,
1545,1632,
1546,1600,
1547,1585,
1548,1665,
1549,1873,
1550,2016,
1551,,0
1552,,640
1553,,640
1554,,641
1555,,624
1556,,640
1557,,640
1558,,640
1559,,640
1560,,641
1561,,625
1562,,624
1563,,625
1564,,640
1565,,625
1566,,640
1567,,640
1568,,641
1569,,640
1570,,641
1571,,640
1572,,641
1573,,640
1574,,641
1575,,640
1576,,641
1577,,640
1578,,641
1579,,641
1580,,640
1581,,641
1582,,641
1583,,640
1584,,640
1585,,640
1586,,641
1587,,640
1588,,641
1589,,641
1590,,640
1591,,641
1592,,640
1593,,640
1594,,640
1595,,640
1596,,640
1597,,640
1598,,640
1599,,656
1600,,640
1601,1937,
1602,1745,
1603,1617,
1604,1553,
1605,1585,
1606,1648,
1607,1696,
1608,1697,
1609,1665,
1610,1617,
1611,1601,
1612,1585,
1613,1568,
1614,1585,
1615,1585,
1616,1616,
1617,1633,
1618,1616,
1619,1632,
1620,1633,
1621,1617,
1622,1648,
1623,1793,
1624,1968,
1625,1953,
1626,1824,
1627,1681,
1628,1601,
1629,1584,
1630,1648,
1631,1696,
1632,1728,
1633,1712,
1634,1680,
1635,1664,
1636,1632,
1637,1616,
1638,1632,
1639,1633,
1640,1617,
1641,1632,
1642,1648,
1643,1648,
1644,1632,
1645,1697,
1646,1856,
1647,1968,
1648,1921,
1649,1776,
1650,1633,
1651,,0
1652,,641
1653,,641
1654,,640
1655,,656
1656,,656
1657,,657
1658,,641
1659,,656
1660,,640
1661,,640
1662,,641
1663,,640
1664,,641
1665,,656
1666,,640
1667,,641
1668,,641
1669,,640
1670,,640
1671,,656
1672,,640
1673,,657
1674,,657
1675,,641
1676,,656
1677,,657
1678,,657
1679,,641
1680,,656
1681,,657
1682,,657
1683,,656
1684,,657
1685,,656
1686,,641
1687,,656
1688,,656
1689,,656
1690,,656
1691,,657
1692,,656
1693,,656
1694,,641
1695,,657
1696,,656
1697,,656
1698,,656
1699,,656
1700,,657
1701,1552,
1702,1552,
1703,1664,
1704,1712,
1705,1713,
1706,1665,
1707,1617,
1708,1584,
1709,1585,
1710,1600,
1711,1616,
1712,1617,
1713,1633,
1714,1617,
1715,1648,
1716,1793,
1717,1953,
1718,2000,
1719,1872,
1720,1713,
1721,1601,
1722,1584,
1723,1616,
1724,1680,
1725,1713,
1726,1696,
1727,1681,
1728,1632,
1729,1601,
1730,1600,
1731,1585,
1732,1600,
1733,1633,
1734,1648,
1735,1632,
1736,1633,
1737,1745,
1738,1936,
1739,2080,
1740,2032,
1741,1840,
1742,1664,
1743,1585,
1744,1601,
1745,1665,
1746,1745,
1747,1744,
1748,1712,
1749,1665,
1750,1617,
1751,,0
1752,,657
1753,,656
1754,,657
1755,,657
1756,,640
1757,,640
1758,,641
1759,,657
1760,,640
1761,,657
1762,,656
1763,,641
1764,,656
1765,,657
1766,,641
1767,,656
1768,,657
1769,,656
1770,,657
1771,,656
1772,,656
1773,,657
1774,,657
1775,,657
1776,,657
1777,,656
1778,,656
1779,,657
1780,,657
1781,,657
1782,,656
1783,,657
1784,,656
1785,,657
1786,,640
1787,,656
1788,,656
1789,,656
1790,,657
1791,,657
1792,,657
1793,,657
1794,,656
1795,,657
1796,,656
1797,,657
1798,,657
1799,,656
1800,,656
1801,1601,
1802,1616,
1803,1648,
1804,1633,
1805,1632,
1806,1648,
1807,1697,
1808,1681,
1809,1648,
1810,1712,
1811,1937,
1812,2193,
1813,2160,
1814,1937,
1815,1713,
1816,1601,
1817,1632,
1818,1729,
1819,1792,
1820,1793,
1821,1744,
1822,1665,
1823,1617,
1824,1616,
1825,1601,
1826,1617,
1827,1632,
1828,1649,
1829,1664,
1830,1648,
1831,1665,
1832,1873,
1833,2129,
1834,2176,
1835,1952,
1836,1648,
1837,1504,
1838,1537,
1839,1648,
1840,1760,
1841,1777,
1842,1713,
1843,1664,
1844,1585,
1845,1537,
1846,1537,
1847,1536,
1848,1584,
1849,1601,
1850,1617,
1851,,0
1852,,657
1853,,657
1854,,656
1855,,657
1856,,657
1857,,657
1858,,657
1859,,656
1860,,656
1861,,657
1862,,656
1863,,657
1864,,656
1865,,657
1866,,657
1867,,656
1868,,656
1869,,673
1870,,656
1871,,656
1872,,657
1873,,656
1874,,656
1875,,656
1876,,657
1877,,656
1878,,657
1879,,673
1880,,657
1881,,657
1882,,656
1883,,657
1884,,656
1885,,657
1886,,656
1887,,657
1888,,657
1889,,657
1890,,657
1891,,656
1892,,657
1893,,657
1894,,656
1895,,656
1896,,672
1897,,656
1898,,656
1899,,673
1900,,672
1901,1617,
1902,1712,
1903,2001,
1904,2241,
1905,2192,
1906,1905,
1907,1649,
1908,1536,
1909,1552,
1910,1632,
1911,1729,
1912,1744,
1913,1713,
1914,1632,
1915,1536,
1916,1521,
1917,1537,
1918,1568,
1919,1569,
1920,1600,
1921,1617,
1922,1616,
1923,1601,
1924,1568,
1925,1568,
1926,1680,
1927,2048,
1928,2320,
1929,2257,
1930,1921,
1931,1601,
1932,1472,
1933,1585,
1934,1712,
1935,1776,
1936,1729,
1937,1665,
1938,1616,
1939,1584,
1940,1568,
1941,1568,
1942,1584,
1943,1601,
1944,1601,
1945,1617,
1946,1617,
1947,1632,
1948,1632,
1949,1617,
1950,1601,
1951,,0
1952,,672
1953,,672
1954,,657
1955,,657
1956,,657
1957,,656
1958,,657
1959,,672
1960,,656
1961,,656
1962,,656
1963,,672
1964,,672
1965,,672
1966,,672
1967,,673
1968,,657
1969,,672
1970,,672
1971,,657
1972,,673
1973,,657
1974,,673
1975,,672
1976,,673
1977,,673
1978,,673
1979,,672
1980,,673
1981,,657
1982,,673
1983,,673
1984,,673
1985,,673
1986,,656
1987,,673
1988,,673
1989,,657
1990,,672
1991,,672
1992,,672
1993,,673
1994,,672
1995,,673
1996,,672
1997,,672
1998,,672
1999,,672
2000,,673
2001,1713,
2002,2065,
2003,2369,
2004,2288,
2005,1937,
2006,1649,
2007,1520,
2008,1536,
2009,1649,
2010,1760,
2011,1777,
2012,1713,
2013,1632,
2014,1553,
2015,1536,
2016,1521,
2017,1537,
2018,1552,
2019,1584,
2020,1584,
2021,1601,
2022,1569,
2023,1584,
2024,1776,
2025,2128,
2026,2257,
2027,2049,
2028,1728,
2029,1489,
2030,1425,
2031,1520,
2032,1680,
2033,1776,
2034,1776,
2035,1696,
2036,1664,
2037,1633,
2038,1632,
2039,1648,
2040,1648,
2041,1680,
2042,1744,
2043,1793,
2044,1729,
2045,1649,
2046,1632,
2047,1824,
2048,2193,
2049,2353,
2050,2160,
2051,,0
2052,,672
2053,,657
2054,,673
2055,,656
2056,,672
2057,,673
2058,,673
2059,,672
2060,,672
2061,,672
2062,,657
2063,,672
2064,,672
2065,,673
2066,,672
2067,,657
2068,,673
2069,,673
2070,,673
2071,,673
2072,,673
2073,,673
2074,,673
2075,,672
2076,,672
2077,,673
2078,,673
2079,,672
2080,,673
2081,,672
2082,,673
2083,,672
2084,,673
2085,,672
2086,,673
2087,,673
2088,,672
2089,,672
2090,,672
2091,,673
2092,,673
2093,,672
2094,,673
2095,,673
2096,,673
2097,,673
2098,,672
2099,,673
2100,,672
2101,1777,
2102,1536,
2103,1489,
2104,1600,
2105,1824,
2106,1969,
2107,1969,
2108,1825,
2109,1601,
2110,1441,
2111,1377,
2112,1393,
2113,1425,
2114,1489,
2115,1617,
2116,1729,
2117,1728,
2118,1697,
2119,1857,
2120,2144,
2121,2224,
2122,2033,
2123,1776,
2124,1584,
2125,1521,
2126,1616,
2127,1760,
2128,1777,
2129,1745,
2130,1697,
2131,1600,
2132,1553,
2133,1552,
2134,1537,
2135,1569,
2136,1584,
2137,1617,
2138,1633,
2139,1857,
2140,2257,
2141,2385,
2142,2144,
2143,1760,
2144,1504,
2145,1425,
2146,1505,
2147,1664,
2148,1776,
2149,1760,
2150,1648,
2151,,0
2152,,673
2153,,673
2154,,672
2155,,673
2156,,672
2157,,673
2158,,657
2159,,673
2160,,672
2161,,672
2162,,673
2163,,672
2164,,673
2165,,672
2166,,673
2167,,672
2168,,673
2169,,673
2170,,673
2171,,672
2172,,673
2173,,672
2174,,656
2175,,656
2176,,656
2177,,657
2178,,672
2179,,656
2180,,657
2181,,657
2182,,656
2183,,656
2184,,657
2185,,657
2186,,656
2187,,657
2188,,657
2189,,657
2190,,640
2191,,656
2192,,656
2193,,657
2194,,656
2195,,640
2196,,641
2197,,657
2198,,641
2199,,657
2200,,656
2201,1552,
2202,1504,
2203,1505,
2204,1552,
2205,1600,
2206,1616,
2207,1601,
2208,1616,
2209,1633,
2210,1952,
2211,2385,
2212,2512,
2213,2193,
2214,1809,
2215,1569,
2216,1504,
2217,1585,
2218,1712,
2219,1761,
2220,1729,
2221,1617,
2222,1520,
2223,1441,
2224,1424,
2225,1472,
2226,1536,
2227,1585,
2228,1617,
2229,1648,
2230,1648,
2231,1617,
2232,1601,
2233,1809,
2234,2369,
2235,2720,
2236,2496,
2237,1969,
2238,1584,
2239,1472,
2240,1504,
2241,1649,
2242,1777,
2243,1777,
2244,1680,
2245,1553,
2246,1457,
2247,1441,
2248,1473,
2249,1521,
2250,1569,
2251,,0
2252,,641
2253,,657
2254,,656
2255,,657
2256,,640
2257,,657
2258,,640
2259,,640
2260,,656
2261,,641
2262,,656
2263,,656
2264,,657
2265,,657
2266,,656
2267,,656
2268,,656
2269,,657
2270,,641
2271,,656
2272,,640
2273,,657
2274,,657
2275,,656
2276,,656
2277,,657
2278,,656
2279,,656
2280,,657
2281,,640
2282,,657
2283,,656
2284,,657
2285,,657
2286,,656
2287,,641
2288,,656
2289,,656
2290,,656
2291,,657
2292,,657
2293,,641
2294,,657
2295,,641
2296,,657
2297,,641
2298,,657
2299,,657
2300,,657
2301,1616,
2302,1617,
2303,1600,
2304,1616,
2305,1968,
2306,2448,
2307,2513,
2308,2129,
2309,1680,
2310,1392,
2311,1361,
2312,1473,
2313,1681,
2314,1777,
2315,1712,
2316,1569,
2317,1457,
2318,1424,
2319,1425,
2320,1488,
2321,1552,
2322,1569,
2323,1569,
2324,1553,
2325,1568,
2326,1553,
2327,1616,
2328,2081,
2329,2609,
2330,2641,
2331,2145,
2332,1680,
2333,1504,
2334,1488,
2335,1537,
2336,1665,
2337,1697,
2338,1616,
2339,1505,
2340,1409,
2341,1409,
2342,1425,
2343,1488,
2344,1521,
2345,1569,
2346,1553,
2347,1489,
2348,1488,
2349,1521,
2350,1568,
2351,,0
2352,,656
2353,,656
2354,,657
2355,,657
2356,,641
2357,,656
2358,,657
2359,,657
2360,,656
2361,,657
2362,,657
2363,,656
2364,,657
2365,,656
2366,,657
2367,,657
2368,,656
2369,,657
2370,,657
2371,,657
2372,,656
2373,,656
2374,,656
2375,,656
2376,,657
2377,,657
2378,,656
2379,,657
2380,,657
2381,,656
2382,,657
2383,,657
2384,,656
2385,,656
2386,,656
2387,,656
2388,,657
2389,,657
2390,,656
2391,,657
2392,,656
2393,,657
2394,,656
2395,,640
2396,,656
2397,,657
2398,,657
2399,,656
2400,,656
2401,1633,
2402,2017,
2403,2592,
2404,2737,
2405,2273,
2406,1696,
2407,1409,
2408,1409,
2409,1536,
2410,1713,
2411,1776,
2412,1744,
2413,1648,
2414,1505,
2415,1425,
2416,1425,
2417,1504,
2418,1569,
2419,1617,
2420,1633,
2421,1584,
2422,1504,
2423,1457,
2424,1616,
2425,2145,
2426,2544,
2427,2368,
2428,1841,
2429,1440,
2430,1281,
2431,1312,
2432,1488,
2433,1680,
2434,1712,
2435,1632,
2436,1505,
2437,1472,
2438,1488,
2439,1504,
2440,1521,
2441,1600,
2442,1537,
2443,1329,
2444,1152,
2445,1105,
2446,1233,
2447,1440,
2448,1873,
2449,2608,
2450,3024,
2451,,0
2452,,657
2453,,641
2454,,657
2455,,656
2456,,656
2457,,641
2458,,657
2459,,656
2460,,657
2461,,641
2462,,657
2463,,657
2464,,657
2465,,640
2466,,657
2467,,640
2468,,657
2469,,656
2470,,640
2471,,657
2472,,657
2473,,656
2474,,657
2475,,657
2476,,641
2477,,641
2478,,641
2479,,640
2480,,656
2481,,641
2482,,656
2483,,657
2484,,657
2485,,656
2486,,657
2487,,656
2488,,657
2489,,656
2490,,640
2491,,656
2492,,657
2493,,656
2494,,657
2495,,657
2496,,641
2497,,657
2498,,657
2499,,656
2500,,657
2501,2609,
2502,1857,
2503,1376,
2504,1265,
2505,1440,
2506,1713,
2507,1904,
2508,1856,
2509,1504,
2510,1312,
2511,1408,
2512,1601,
2513,1665,
2514,1697,
2515,1729,
2516,1712,
2517,1665,
2518,1616,
2519,1569,
2520,1537,
2521,1569,
2522,1601,
2523,1617,
2524,1777,
2525,2273,
2526,2657,
2527,2464,
2528,1936,
2529,1489,
2530,1345,
2531,1393,
2532,1568,
2533,1712,
2534,1793,
2535,1744,
2536,1617,
2537,1489,
2538,1393,
2539,1377,
2540,1440,
2541,1489,
2542,1553,
2543,1585,
2544,1568,
2545,1552,
2546,1632,
2547,2000,
2548,2416,
2549,2368,
2550,1952,
2551,,0
2552,,656
2553,,656
2554,,656
2555,,656
2556,,656
2557,,657
2558,,657
2559,,656
2560,,657
2561,,656
2562,,656
2563,,657
2564,,657
2565,,656
2566,,657
2567,,656
2568,,656
2569,,656
2570,,657
2571,,657
2572,,656
2573,,657
2574,,656
2575,,657
2576,,657
2577,,656
2578,,657
2579,,656
2580,,657
2581,,641
2582,,656
2583,,657
2584,,657
2585,,656
2586,,657
2587,,656
2588,,657
2589,,656
2590,,656
2591,,640
2592,,656
2593,,641
2594,,657
2595,,640
2596,,640
2597,,641
2598,,657
2599,,656
2600,,641
2601,1536,
2602,1329,
2603,1328,
2604,1473,
2605,1648,
2606,1697,
2607,1632,
2608,1521,
2609,1472,
2610,1441,
2611,1441,
2612,1424,
2613,1440,
2614,1376,
2615,1472,
2616,1872,
2617,2192,
2618,2081,
2619,1744,
2620,1489,
2621,1376,
2622,1393,
2623,1504,
2624,1649,
2625,1712,
2626,1617,
2627,1520,
2628,1425,
2629,1409,
2630,1425,
2631,1440,
2632,1616,
2633,2096,
2634,2385,
2635,2225,
2636,1824,
2637,1504,
2638,1360,
2639,1393,
2640,1536,
2641,1664,
2642,1696,
2643,1632,
2644,1520,
2645,1440,
2646,1409,
2647,1377,
2648,1425,
2649,1809,
2650,2304,
2651,,0
2652,,641
2653,,656
2654,,656
2655,,657
2656,,656
2657,,657
2658,,640
2659,,656
2660,,640
2661,,641
2662,,641
2663,,640
2664,,641
2665,,656
2666,,656
2667,,640
2668,,640
2669,,656
2670,,640
2671,,641
2672,,640
2673,,641
2674,,641
2675,,656
2676,,641
2677,,641
2678,,640
2679,,641
2680,,656
2681,,640
2682,,656
2683,,641
2684,,641
2685,,641
2686,,641
2687,,641
2688,,640
2689,,641
2690,,640
2691,,641
2692,,641
2693,,641
2694,,641
2695,,641
2696,,641
2697,,641
2698,,641
2699,,640
2700,,641
2701,2416,
2702,2064,
2703,1633,
2704,1424,
2705,1361,
2706,1440,
2707,1601,
2708,1681,
2709,1649,
2710,1537,
2711,1472,
2712,1376,
2713,1393,
2714,1441,
2715,1473,
2716,1488,
2717,1489,
2718,1488,
2719,1472,
2720,1456,
2721,1456,
2722,1457,
2723,1488,
2724,1488,
2725,1488,
2726,1520,
2727,1601,
2728,2033,
2729,2512,
2730,2512,
2731,2065,
2732,1648,
2733,1456,
2734,1440,
2735,1552,
2736,1665,
2737,1697,
2738,1616,
2739,1473,
2740,1424,
2741,1424,
2742,1424,
2743,1472,
2744,1552,
2745,1568,
2746,1553,
2747,1504,
2748,1473,
2749,1472,
2750,1489,
2751,,0
2752,,657
2753,,641
2754,,640
2755,,641
2756,,640
2757,,656
2758,,640
2759,,641
2760,,641
2761,,640
2762,,640
2763,,640
2764,,641
2765,,641
2766,,641
2767,,640
2768,,640
2769,,656
2770,,656
2771,,641
2772,,641
2773,,657
2774,,656
2775,,640
2776,,640
2777,,640
2778,,656
2779,,640
2780,,641
2781,,657
2782,,656
2783,,640
2784,,656
2785,,656
2786,,657
2787,,641
2788,,656
2789,,657
2790,,656
2791,,657
2792,,656
2793,,656
2794,,657
2795,,657
2796,,657
2797,,657
2798,,657
2799,,640
2800,,640
2801,1504,
2802,1505,
2803,1505,
2804,1536,
2805,1777,
2806,2209,
2807,2352,
2808,2049,
2809,1680,
2810,1488,
2811,1456,
2812,1504,
2813,1600,
2814,1680,
2815,1664,
2816,1601,
2817,1537,
2818,1520,
2819,1505,
2820,1520,
2821,1520,
2822,1520,
2823,1521,
2824,1537,
2825,1537,
2826,1553,
2827,1552,
2828,1536,
2829,1665,
2830,1984,
2831,2209,
2832,2113,
2833,1824,
2834,1584,
2835,1472,
2836,1505,
2837,1617,
2838,1712,
2839,1713,
2840,1649,
2841,1601,
2842,1568,
2843,1536,
2844,1553,
2845,1569,
2846,1600,
2847,1617,
2848,1600,
2849,1601,
2850,1760,
2851,,0
2852,,641
2853,,640
2854,,656
2855,,657
2856,,657
2857,,657
2858,,657
2859,,657
2860,,657
2861,,641
2862,,656
2863,,656
2864,,656
2865,,656
2866,,657
2867,,657
2868,,656
2869,,656
2870,,657
2871,,657
2872,,656
2873,,657
2874,,657
2875,,656
2876,,656
2877,,641
2878,,656
2879,,657
2880,,656
2881,,657
2882,,657
2883,,657
2884,,657
2885,,656
2886,,657
2887,,656
2888,,641
2889,,657
2890,,657
2891,,657
2892,,657
2893,,656
2894,,657
2895,,657
2896,,657
2897,,656
2898,,656
2899,,657
2900,,656
2901,2032,
2902,2176,
2903,2048,
2904,1776,
2905,1553,
2906,1473,
2907,1537,
2908,1649,
2909,1745,
2910,1745,
2911,1697,
2912,1632,
2913,1569,
2914,1568,
2915,1553,
2916,1601,
2917,1552,
2918,1665,
2919,1872,
2920,2129,
2921,2177,
2922,1985,
2923,1729,
2924,1553,
2925,1520,
2926,1568,
2927,1664,
2928,1713,
2929,1697,
2930,1633,
2931,1585,
2932,1553,
2933,1537,
2934,1568,
2935,1568,
2936,1633,
2937,1872,
2938,2145,
2939,2160,
2940,1937,
2941,1681,
2942,1536,
2943,1521,
2944,1552,
2945,1616,
2946,1712,
2947,1729,
2948,1648,
2949,1569,
2950,1504,
2951,,0
2952,,656
2953,,657
2954,,656
2955,,657
2956,,657
2957,,657
2958,,657
2959,,657
2960,,657
2961,,657
2962,,657
2963,,657
2964,,657
2965,,656
2966,,657
2967,,640
2968,,657
2969,,640
2970,,656
2971,,657
2972,,656
2973,,656
2974,,657
2975,,657
2976,,657
2977,,657
2978,,641
2979,,656
2980,,656
2981,,656
2982,,640
2983,,657
2984,,641
2985,,640
2986,,656
2987,,640
2988,,656
2989,,641
2990,,641
2991,,657
2992,,656
2993,,656
2994,,641
2995,,656
2996,,657
2997,,640
2998,,657
2999,,656
3000,,656
3001,1489,
3002,1489,
3003,1504,
3004,1505,
3005,1537,
3006,1568,
3007,1712,
3008,2033,
3009,2240,
3010,2144,
3011,1856,
3012,1632,
3013,1521,
3014,1521,
3015,1584,
3016,1649,
3017,1665,
3018,1617,
3019,1552,
3020,1520,
3021,1505,
3022,1504,
3023,1505,
3024,1521,
3025,1536,
3026,1537,
3027,1536,
3028,1520,
3029,1536,
3030,1521,
3031,1505,
3032,1584,
3033,1888,
3034,2192,
3035,2209,
3036,1936,
3037,1665,
3038,1521,
3039,1504,
3040,1552,
3041,1665,
3042,1713,
3043,1696,
3044,1633,
3045,1552,
3046,1520,
3047,1521,
3048,1520,
3049,1553,
3050,1568,
3051,,0
3052,,656
3053,,657
3054,,656
3055,,656
3056,,656
3057,,641
3058,,657
3059,,640
3060,,641
3061,,657
3062,,657
3063,,656
3064,,656
3065,,657
3066,,640
3067,,656
3068,,657
3069,,656
3070,,656
3071,,657
3072,,657
3073,,656
3074,,656
3075,,656
3076,,657
3077,,657
3078,,656
3079,,657
3080,,641
3081,,657
3082,,656
3083,,656
3084,,656
3085,,641
3086,,657
3087,,656
3088,,656
3089,,656
3090,,656
3091,,656
3092,,657
3093,,657
3094,,657
3095,,656
3096,,656
3097,,656
3098,,657
3099,,657
3100,,657
3101,1553,
3102,1569,
3103,1569,
3104,1569,
3105,1569,
3106,1568,
3107,1585,
3108,1825,
3109,2113,
3110,2176,
3111,1936,
3112,1712,
3113,1553,
3114,1521,
3115,1569,
3116,1633,
3117,1665,
3118,1664,
3119,1648,
3120,1584,
3121,1553,
3122,1521,
3123,1537,
3124,1537,
3125,1505,
3126,1568,
3127,1633,
3128,1648,
3129,1617,
3130,1633,
3131,1777,
3132,2033,
3133,2096,
3134,1968,
3135,1729,
3136,1568,
3137,1520,
3138,1553,
3139,1649,
3140,1744,
3141,1745,
3142,1681,
3143,1617,
3144,1569,
3145,1569,
3146,1553,
3147,1553,
3148,1584,
3149,1600,
3150,1664,
3151,,0
3152,,657
3153,,656
3154,,656
3155,,657
3156,,656
3157,,673
3158,,656
3159,,656
3160,,656
3161,,656
3162,,657
3163,,657
3164,,656
3165,,657
3166,,657
3167,,657
3168,,657
3169,,656
3170,,656
3171,,672
3172,,672
3173,,673
3174,,657
3175,,673
3176,,656
3177,,657
3178,,657
3179,,657
3180,,656
3181,,656
3182,,656
3183,,673
3184,,657
3185,,656
3186,,656
3187,,673
3188,,656
3189,,657
3190,,657
3191,,657
3192,,656
3193,,672
3194,,657
3195,,657
3196,,657
3197,,657
3198,,656
3199,,656
3200,,656
3201,1840,
3202,2049,
3203,2064,
3204,1920,
3205,1697,
3206,1569,
3207,1537,
3208,1600,
3209,1696,
3210,1760,
3211,1744,
3212,1696,
3213,1632,
3214,1601,
3215,1600,
3216,1584,
3217,1600,
3218,1713,
3219,1920,
3220,2065,
3221,2032,
3222,1841,
3223,1648,
3224,1553,
3225,1553,
3226,1633,
3227,1745,
3228,1760,
3229,1713,
3230,1648,
3231,1600,
3232,1601,
3233,1600,
3234,1681,
3235,1872,
3236,2081,
3237,2065,
3238,1888,
3239,1680,
3240,1584,
3241,1568,
3242,1616,
3243,1712,
3244,1745,
3245,1729,
3246,1649,
3247,1601,
3248,1585,
3249,1584,
3250,1696,
3251,,0
3252,,656
3253,,672
3254,,657
3255,,657
3256,,672
3257,,656
3258,,672
3259,,656
3260,,657
3261,,657
3262,,657
3263,,657
3264,,656
3265,,656
3266,,657
3267,,673
3268,,656
3269,,673
3270,,672
3271,,656
3272,,656
3273,,657
3274,,657
3275,,656
3276,,657
3277,,657
3278,,672
3279,,672
3280,,672
3281,,657
3282,,657
3283,,657
3284,,673
3285,,657
3286,,672
3287,,657
3288,,656
3289,,672
3290,,656
3291,,657
3292,,673
3293,,656
3294,,657
3295,,656
3296,,673
3297,,672
3298,,656
3299,,656
3300,,656
3301,1952,
3302,2129,
3303,2081,
3304,1873,
3305,1713,
3306,1585,
3307,1584,
3308,1648,
3309,1696,
3310,1728,
3311,1696,
3312,1632,
3313,1584,
3314,1553,
3315,1537,
3316,1537,
3317,1568,
3318,1600,
3319,1617,
3320,1633,
3321,1600,
3322,1584,
3323,1584,
3324,1584,
3325,1713,
3326,2032,
3327,2257,
3328,2160,
3329,1905,
3330,1680,
3331,1584,
3332,1632,
3333,1729,
3334,1777,
3335,1760,
3336,1681,
3337,1633,
3338,1537,
3339,1504,
3340,1536,
3341,1537,
3342,1553,
3343,1585,
3344,1600,
3345,1569,
3346,1569,
3347,1552,
3348,1568,
3349,1552,
3350,1537,
3351,,0
3352,,672
3353,,673
3354,,657
3355,,656
3356,,672
3357,,657
3358,,656
3359,,657
3360,,657
3361,,673
3362,,672
3363,,672
3364,,672
3365,,657
3366,,673
3367,,656
3368,,673
3369,,673
3370,,672
3371,,673
3372,,656
3373,,672
3374,,656
3375,,657
3376,,656
3377,,656
3378,,672
3379,,672
3380,,672
3381,,672
3382,,657
3383,,656
3384,,672
3385,,672
3386,,672
3387,,672
3388,,673
3389,,673
3390,,673
3391,,657
3392,,672
3393,,656
3394,,672
3395,,672
3396,,673
3397,,672
3398,,656
3399,,673
3400,,656
3401,1553,
3402,1680,
3403,2017,
3404,2288,
3405,2224,
3406,1953,
3407,1697,
3408,1536,
3409,1537,
3410,1601,
3411,1680,
3412,1729,
3413,1696,
3414,1633,
3415,1585,
3416,1552,
3417,1520,
3418,1536,
3419,1537,
3420,1553,
3421,1569,
3422,1568,
3423,1569,
3424,1569,
3425,1552,
3426,1552,
3427,1553,
3428,1568,
3429,1744,
3430,2065,
3431,2272,
3432,2145,
3433,1840,
3434,1600,
3435,1488,
3436,1520,
3437,1601,
3438,1696,
3439,1744,
3440,1681,
3441,1600,
3442,1552,
3443,1520,
3444,1536,
3445,1537,
3446,1568,
3447,1585,
3448,1585,
3449,1600,
3450,1600,
3451,,0
3452,,672
3453,,657
3454,,672
3455,,672
3456,,672
3457,,656
3458,,673
3459,,672
3460,,673
3461,,673
3462,,672
3463,,656
3464,,673
3465,,672
3466,,672
3467,,673
3468,,673
3469,,672
3470,,673
3471,,673
3472,,657
3473,,673
3474,,673
3475,,673
3476,,673
3477,,672
3478,,672
3479,,673
3480,,672
3481,,672
3482,,672
3483,,673
3484,,657
3485,,673
3486,,673
3487,,657
3488,,672
3489,,672
3490,,672
3491,,672
3492,,656
3493,,673
3494,,672
3495,,672
3496,,673
3497,,672
3498,,673
3499,,672
3500,,672
3501,1600,
3502,1648,
3503,1872,
3504,2113,
3505,2177,
3506,1968,
3507,1712,
3508,1521,
3509,1473,
3510,1553,
3511,1664,
3512,1729,
3513,1729,
3514,1664,
3515,1584,
3516,1552,
3517,1553,
3518,1553,
3519,1568,
3520,1584,
3521,1585,
3522,1600,
3523,1712,
3524,1952,
3525,2128,
3526,2064,
3527,1840,
3528,1616,
3529,1488,
3530,1472,
3531,1601,
3532,1696,
3533,1761,
3534,1744,
3535,1665,
3536,1569,
3537,1520,
3538,1569,
3539,1569,
3540,1585,
3541,1681,
3542,1921,
3543,2112,
3544,2081,
3545,1873,
3546,1648,
3547,1520,
3548,1504,
3549,1553,
3550,1649,
3551,,0
3552,,673
3553,,673
3554,,672
3555,,673
3556,,672
3557,,672
3558,,673
3559,,673
3560,,673
3561,,656
3562,,672
3563,,673
3564,,672
3565,,672
3566,,673
3567,,673
3568,,673
3569,,672
3570,,672
3571,,672
3572,,673
3573,,673
3574,,673
3575,,673
3576,,657
3577,,673
3578,,672
3579,,672
3580,,673
3581,,673
3582,,672
3583,,673
3584,,673
3585,,672
3586,,673
3587,,672
3588,,672
3589,,673
3590,,672
3591,,673
3592,,673
3593,,672
3594,,673
3595,,673
3596,,673
3597,,672
3598,,672
3599,,673
3600,,672
3601,1713,
3602,1713,
3603,1665,
3604,1601,
3605,1552,
3606,1520,
3607,1521,
3608,1584,
3609,1808,
3610,2080,
3611,2161,
3612,1969,
3613,1697,
3614,1521,
3615,1488,
3616,1536,
3617,1633,
3618,1712,
3619,1697,
3620,1648,
3621,1569,
3622,1520,
3623,1521,
3624,1520,
3625,1536,
3626,1697,
3627,2048,
3628,2288,
3629,2176,
3630,1905,
3631,1648,
3632,1536,
3633,1521,
3634,1601,
3635,1665,
3636,1680,
3637,1648,
3638,1600,
3639,1553,
3640,1521,
3641,1521,
3642,1537,
3643,1553,
3644,1569,
3645,1568,
3646,1568,
3647,1552,
3648,1552,
3649,1552,
3650,1568,
3651,,0
3652,,673
3653,,672
3654,,673
3655,,672
3656,,672
3657,,673
3658,,672
3659,,672
3660,,673
3661,,673
3662,,673
3663,,672
3664,,672
3665,,673
3666,,672
3667,,673
3668,,672
3669,,672
3670,,673
3671,,673
3672,,672
3673,,673
3674,,672
3675,,672
3676,,672
3677,,673
3678,,673
3679,,672
3680,,672
3681,,673
3682,,673
3683,,688
3684,,673
3685,,673
3686,,688
3687,,688
3688,,689
3689,,672
3690,,672
3691,,673
3692,,673
3693,,672
3694,,672
3695,,689
3696,,672
3697,,672
3698,,688
3699,,673
3700,,673
3701,1600,
3702,1888,
3703,2288,
3704,2448,
3705,2224,
3706,1873,
3707,1648,
3708,1568,
3709,1616,
3710,1713,
3711,1761,
3712,1760,
3713,1680,
3714,1600,
3715,1552,
3716,1521,
3717,1536,
3718,1537,
3719,1584,
3720,1601,
3721,1584,
3722,1568,
3723,1568,
3724,1569,
3725,1553,
3726,1601,
3727,1872,
3728,2273,
3729,2416,
3730,2176,
3731,1808,
3732,1600,
3733,1536,
3734,1569,
3735,1697,
3736,1776,
3737,1761,
3738,1697,
3739,1617,
3740,1584,
3741,1521,
3742,1504,
3743,1505,
3744,1536,
3745,1569,
3746,1600,
3747,1568,
3748,1632,
3749,1936,
3750,2305,
3751,,0
3752,,688
3753,,688
3754,,688
3755,,673
3756,,673
3757,,672
3758,,688
3759,,689
3760,,672
3761,,689
3762,,688
3763,,688
3764,,672
3765,,689
3766,,689
3767,,673
3768,,689
3769,,689
3770,,672
3771,,672
3772,,673
3773,,689
3774,,688
3775,,689
3776,,689
3777,,688
3778,,672
3779,,688
3780,,688
3781,,688
3782,,673
3783,,673
3784,,688
3785,,673
3786,,688
3787,,672
3788,,673
3789,,672
3790,,689
3791,,688
3792,,689
3793,,689
3794,,672
3795,,673
3796,,673
3797,,673
3798,,689
3799,,688
3800,,672
3801,2368,
3802,2097,
3803,1713,
3804,1488,
3805,1425,
3806,1553,
3807,1713,
3808,1808,
3809,1760,
3810,1681,
3811,1568,
3812,1520,
3813,1505,
3814,1504,
3815,1536,
3816,1569,
3817,1585,
3818,1744,
3819,2112,
3820,2385,
3821,2225,
3822,1888,
3823,1600,
3824,1424,
3825,1425,
3826,1553,
3827,1697,
3828,1761,
3829,1712,
3830,1617,
3831,1520,
3832,1488,
3833,1473,
3834,1504,
3835,1520,
3836,1600,
3837,1952,
3838,2352,
3839,2432,
3840,2129,
3841,1712,
3842,1473,
3843,1424,
3844,1488,
3845,1617,
3846,1712,
3847,1712,
3848,1649,
3849,1584,
3850,1505,
3851,,0
3852,,689
3853,,688
3854,,689
3855,,689
3856,,673
3857,,689
3858,,689
3859,,672
3860,,673
3861,,689
3862,,688
3863,,689
3864,,689
3865,,672
3866,,689
3867,,688
3868,,673
3869,,672
3870,,673
3871,,688
3872,,688
3873,,672
3874,,688
3875,,689
3876,,688
3877,,689
3878,,689
3879,,688
3880,,689
3881,,688
3882,,688
3883,,672
3884,,688
3885,,688
3886,,688
3887,,688
3888,,689
3889,,688
3890,,688
3891,,688
3892,,688
3893,,688
3894,,673
3895,,688
3896,,689
3897,,688
3898,,688
3899,,688
3900,,688
3901,1473,
3902,1473,
3903,1521,
3904,1536,
3905,1552,
3906,1553,
3907,1568,
3908,1632,
3909,1985,
3910,2433,
3911,2496,
3912,2161,
3913,1761,
3914,1536,
3915,1473,
3916,1553,
3917,1696,
3918,1761,
3919,1744,
3920,1616,
3921,1536,
3922,1489,
3923,1457,
3924,1472,
3925,1504,
3926,1553,
3927,1568,
3928,1552,
3929,1569,
3930,1552,
3931,1536,
3932,1537,
3933,1569,
3934,1873,
3935,2368,
3936,2576,
3937,2304,
3938,1841,
3939,1536,
3940,1441,
3941,1505,
3942,1648,
3943,1745,
3944,1760,
3945,1696,
3946,1585,
3947,1504,
3948,1456,
3949,1457,
3950,1505,
3951,,0
3952,,689
3953,,689
3954,,688
3955,,689
3956,,688
3957,,688
3958,,689
3959,,689
3960,,689
3961,,688
3962,,688
3963,,688
3964,,689
3965,,689
3966,,688
3967,,689
3968,,688
3969,,673
3970,,688
3971,,689
3972,,673
3973,,688
3974,,689
3975,,689
3976,,688
3977,,688
3978,,689
3979,,688
3980,,688
3981,,689
3982,,688
3983,,688
3984,,673
3985,,688
3986,,689
3987,,689
3988,,688
3989,,689
3990,,688
3991,,688
3992,,688
3993,,689
3994,,688
3995,,689
3996,,688
3997,,688
3998,,689
3999,,688
4000,,689
4001,1537,
4002,1584,
4003,1584,
4004,1569,
4005,1553,
4006,1553,
4007,1569,
4008,1633,
4009,2000,
4010,2449,
4011,2513,
4012,2144,
4013,1697,
4014,1424,
4015,1377,
4016,1521,
4017,1697,
4018,1825,
4019,1809,
4020,1712,
4021,1568,
4022,1488,
4023,1456,
4024,1489,
4025,1552,
4026,1568,
4027,1585,
4028,1616,
4029,1585,
4030,1793,
4031,2241,
4032,2480,
4033,2272,
4034,1856,
4035,1505,
4036,1345,
4037,1440,
4038,1648,
4039,1825,
4040,1857,
4041,1729,
4042,1600,
4043,1488,
4044,1473,
4045,1505,
4046,1553,
4047,1600,
4048,1601,
4049,1777,
4050,2193,
4051,,0
4052,,688
4053,,689
4054,,688
4055,,689
4056,,689
4057,,689
4058,,688
4059,,688
4060,,688
4061,,688
4062,,688
4063,,688
4064,,689
4065,,704
4066,,689
4067,,688
4068,,689
4069,,688
4070,,704
4071,,688
4072,,689
4073,,705
4074,,689
4075,,688
4076,,705
4077,,704
4078,,689
4079,,689
4080,,689
4081,,689
4082,,688
4083,,704
4084,,689
4085,,704
4086,,689
4087,,689
4088,,689
4089,,688
4090,,689
4091,,688
4092,,704
4093,,704
4094,,689
4095,,689
4096,,704
4097,,689
4098,,689
4099,,704
4100,,688
4101,2480,
4102,2352,
4103,1921,
4104,1521,
4105,1361,
4106,1408,
4107,1601,
4108,1776,
4109,1825,
4110,1728,
4111,1585,
4112,1472,
4113,1424,
4114,1425,
4115,1472,
4116,1552,
4117,1873,
4118,2369,
4119,2561,
4120,2240,
4121,1793,
4122,1520,
4123,1424,
4124,1489,
4125,1632,
4126,1728,
4127,1729,
4128,1617,
4129,1489,
4130,1441,
4131,1456,
4132,1489,
4133,1552,
4134,1585,
4135,1600,
4136,1584,
4137,1681,
4138,2145,
4139,2608,
4140,2593,
4141,2144,
4142,1744,
4143,1553,
4144,1537,
4145,1585,
4146,1696,
4147,1728,
4148,1680,
4149,1584,
4150,1505,
4151,,0
4152,,689
4153,,688
4154,,705
4155,,689
4156,,704
4157,,688
4158,,705
4159,,688
4160,,689
4161,,689
4162,,704
4163,,688
4164,,704
4165,,704
4166,,689
4167,,704
4168,,689
4169,,688
4170,,705
4171,,705
4172,,704
4173,,704
4174,,689
4175,,688
4176,,688
4177,,689
4178,,704
4179,,705
4180,,705
4181,,688
4182,,688
4183,,704
4184,,705
4185,,688
4186,,704
4187,,704
4188,,689
4189,,704
4190,,688
4191,,704
4192,,705
4193,,689
4194,,689
4195,,705
4196,,689
4197,,689
4198,,689
4199,,704
4200,,688
4201,1440,
4202,1441,
4203,1473,
4204,1521,
4205,1568,
4206,1569,
4207,1569,
4208,1553,
4209,1536,
4210,1504,
4211,1488,
4212,1504,
4213,1536,
4214,1616,
4215,2000,
4216,2624,
4217,2848,
4218,2480,
4219,1937,
4220,1616,
4221,1521,
4222,1537,
4223,1632,
4224,1729,
4225,1713,
4226,1632,
4227,1521,
4228,1473,
4229,1456,
4230,1456,
4231,1488,
4232,1536,
4233,1553,
4234,1552,
4235,1552,
4236,1521,
4237,1489,
4238,1489,
4239,1536,
4240,1520,
4241,1728,
4242,2353,
4243,2833,
4244,2672,
4245,2097,
4246,1616,
4247,1441,
4248,1457,
4249,1616,
4250,1744,
4251,,0
4252,,704
4253,,688
4254,,688
4255,,688
4256,,689
4257,,704
4258,,705
4259,,688
4260,,688
4261,,704
4262,,704
4263,,689
4264,,688
4265,,705
4266,,705
4267,,689
4268,,688
4269,,688
4270,,705
4271,,705
4272,,704
4273,,705
4274,,689
4275,,704
4276,,688
4277,,705
4278,,705
4279,,704
4280,,688
4281,,689
4282,,704
4283,,688
4284,,704
4285,,705
4286,,704
4287,,704
4288,,689
4289,,689
4290,,688
4291,,689
4292,,704
4293,,688
4294,,704
4295,,704
4296,,704
4297,,688
4298,,704
4299,,705
4300,,704
4301,1745,
4302,1600,
4303,1552,
4304,1537,
4305,1489,
4306,1456,
4307,1489,
4308,1536,
4309,1584,
4310,1568,
4311,1553,
4312,1553,
4313,1521,
4314,1521,
4315,1841,
4316,2433,
4317,2689,
4318,2337,
4319,1776,
4320,1376,
4321,1281,
4322,1440,
4323,1664,
4324,1808,
4325,1761,
4326,1633,
4327,1473,
4328,1393,
4329,1409,
4330,1440,
4331,1489,
4332,1553,
4333,1569,
4334,1552,
4335,1729,
4336,2225,
4337,2592,
4338,2416,
4339,1888,
4340,1425,
4341,1249,
4342,1329,
4343,1552,
4344,1760,
4345,1809,
4346,1680,
4347,1505,
4348,1393,
4349,1361,
4350,1393,
4351,,0
4352,,689
4353,,705
4354,,705
4355,,705
4356,,704
4357,,688
4358,,705
4359,,705
4360,,704
4361,,688
4362,,688
4363,,705
4364,,704
4365,,704
4366,,705
4367,,689
4368,,705
4369,,705
4370,,704
4371,,705
4372,,705
4373,,705
4374,,705
4375,,704
4376,,689
4377,,688
4378,,705
4379,,705
4380,,704
4381,,704
4382,,705
4383,,704
4384,,704
4385,,705
4386,,705
4387,,704
4388,,705
4389,,704
4390,,704
4391,,704
4392,,704
4393,,704
4394,,704
4395,,705
4396,,704
4397,,704
4398,,705
4399,,705
4400,,705
4401,1440,
4402,1504,
4403,1536,
4404,1568,
4405,1760,
4406,2321,
4407,2720,
4408,2481,
4409,1921,
4410,1473,
4411,1281,
4412,1344,
4413,1489,
4414,1632,
4415,1680,
4416,1600,
4417,1489,
4418,1377,
4419,1360,
4420,1360,
4421,1408,
4422,1473,
4423,1504,
4424,1536,
4425,1568,
4426,1521,
4427,1488,
4428,1441,
4429,1457,
4430,1632,
4431,2272,
4432,2848,
4433,2736,
4434,2128,
4435,1569,
4436,1329,
4437,1360,
4438,1489,
4439,1648,
4440,1729,
4441,1617,
4442,1521,
4443,1456,
4444,1409,
4445,1409,
4446,1424,
4447,1457,
4448,1521,
4449,1520,
4450,1536,
4451,,0
4452,,689
4453,,705
4454,,705
4455,,704
4456,,704
4457,,704
4458,,705
4459,,705
4460,,704
4461,,705
4462,,704
4463,,705
4464,,720
4465,,704
4466,,704
4467,,705
4468,,704
4469,,705
4470,,704
4471,,705
4472,,704
4473,,705
4474,,705
4475,,704
4476,,705
4477,,705
4478,,704
4479,,704
4480,,705
4481,,720
4482,,705
4483,,721
4484,,721
4485,,721
4486,,705
4487,,720
4488,,704
4489,,720
4490,,721
4491,,704
4492,,705
4493,,704
4494,,704
4495,,720
4496,,720
4497,,704
4498,,705
4499,,704
4500,,721
4501,1584,
4502,1553,
4503,1520,
4504,1472,
4505,1440,
4506,1633,
4507,2272,
4508,2785,
4509,2656,
4510,2033,
4511,1536,
4512,1296,
4513,1344,
4514,1521,
4515,1681,
4516,1745,
4517,1697,
4518,1600,
4519,1488,
4520,1408,
4521,1393,
4522,1408,
4523,1472,
4524,1520,
4525,1568,
4526,1569,
4527,1568,
4528,1552,
4529,1680,
4530,2160,
4531,2609,
4532,2512,
4533,2017,
4534,1537,
4535,1312,
4536,1313,
4537,1505,
4538,1744,
4539,1841,
4540,1760,
4541,1601,
4542,1488,
4543,1425,
4544,1424,
4545,1457,
4546,1520,
4547,1552,
4548,1552,
4549,1713,
4550,2209,
4551,,0
4552,,720
4553,,705
4554,,720
4555,,705
4556,,705
4557,,705
4558,,704
4559,,720
4560,,705
4561,,704
4562,,721
4563,,704
4564,,704
4565,,721
4566,,720
4567,,704
4568,,704
4569,,721
4570,,720
4571,,704
4572,,705
4573,,720
4574,,720
4575,,704
4576,,721
4577,,720
4578,,720
4579,,705
4580,,704
4581,,721
4582,,704
4583,,705
4584,,721
4585,,721
4586,,705
4587,,721
4588,,704
4589,,721
4590,,721
4591,,720
4592,,704
4593,,720
4594,,720
4595,,720
4596,,704
4597,,721
4598,,721
4599,,705
4600,,720
4601,2561,
4602,2369,
4603,1857,
4604,1440,
4605,1248,
4606,1312,
4607,1521,
4608,1728,
4609,1792,
4610,1697,
4611,1504,
4612,1392,
4613,1361,
4614,1456,
4615,1521,
4616,1536,
4617,1728,
4618,2224,
4619,2545,
4620,2384,
4621,1889,
4622,1520,
4623,1361,
4624,1457,
4625,1649,
4626,1776,
4627,1792,
4628,1681,
4629,1521,
4630,1441,
4631,1441,
4632,1441,
4633,1488,
4634,1536,
4635,1569,
4636,1553,
4637,1697,
4638,2240,
4639,2688,
4640,2561,
4641,2064,
4642,1680,
4643,1489,
4644,1489,
4645,1600,
4646,1713,
4647,1728,
4648,1665,
4649,1569,
4650,1505,
4651,,0
4652,,720
4653,,705
4654,,704
4655,,705
4656,,721
4657,,721
4658,,705
4659,,704
4660,,721
4661,,704
4662,,704
4663,,721
4664,,721
4665,,720
4666,,721
4667,,721
4668,,720
4669,,720
4670,,721
4671,,721
4672,,721
4673,,721
4674,,720
4675,,721
4676,,720
4677,,720
4678,,721
4679,,720
4680,,720
4681,,721
4682,,721
4683,,720
4684,,721
4685,,721
4686,,721
4687,,721
4688,,721
4689,,720
4690,,720
4691,,721
4692,,721
4693,,721
4694,,721
4695,,720
4696,,721
4697,,721
4698,,720
4699,,721
4700,,720
4701,1440,
4702,1425,
4703,1488,
4704,1537,
4705,1553,
4706,1553,
4707,1553,
4708,1552,
4709,1536,
4710,1505,
4711,1617,
4712,2160,
4713,2720,
4714,2721,
4715,2193,
4716,1729,
4717,1505,
4718,1472,
4719,1569,
4720,1696,
4721,1712,
4722,1665,
4723,1552,
4724,1472,
4725,1456,
4726,1424,
4727,1473,
4728,1504,
4729,1552,
4730,1552,
4731,1568,
4732,1568,
4733,1552,
4734,1536,
4735,1617,
4736,2113,
4737,2672,
4738,2657,
4739,2128,
4740,1617,
4741,1392,
4742,1409,
4743,1585,
4744,1744,
4745,1793,
4746,1696,
4747,1537,
4748,1456,
4749,1425,
4750,1441,
4751,,0
4752,,720
4753,,705
4754,,721
4755,,705
4756,,721
4757,,721
4758,,720
4759,,720
4760,,720
4761,,720
4762,,721
4763,,721
4764,,720
4765,,721
4766,,720
4767,,720
4768,,721
4769,,720
4770,,720
4771,,720
4772,,721
4773,,721
4774,,721
4775,,721
4776,,720
4777,,721
4778,,720
4779,,720
4780,,720
4781,,720
4782,,720
4783,,721
4784,,721
4785,,721
4786,,721
4787,,721
4788,,721
4789,,720
4790,,720
4791,,720
4792,,720
4793,,721
4794,,721
4795,,721
4796,,721
4797,,736
4798,,721
4799,,736
4800,,721
4801,1472,
4802,1488,
4803,1521,
4804,1505,
4805,1504,
4806,1521,
4807,1504,
4808,1504,
4809,1760,
4810,2337,
4811,2641,
4812,2337,
4813,1793,
4814,1472,
4815,1344,
4816,1425,
4817,1616,
4818,1745,
4819,1713,
4820,1537,
4821,1393,
4822,1377,
4823,1488,
4824,1569,
4825,1633,
4826,1632,
4827,1616,
4828,1584,
4829,1600,
4830,1617,
4831,1633,
4832,1665,
4833,1777,
4834,2241,
4835,2800,
4836,2832,
4837,2384,
4838,2048,
4839,1904,
4840,1825,
4841,1776,
4842,1776,
4843,1792,
4844,1776,
4845,1697,
4846,1633,
4847,1584,
4848,1568,
4849,1601,
4850,1649,
4851,,0
4852,,720
4853,,720
4854,,721
4855,,721
4856,,720
4857,,737
4858,,721
4859,,737
4860,,737
4861,,720
4862,,721
4863,,721
4864,,721
4865,,721
4866,,736
4867,,720
4868,,721
4869,,737
4870,,721
4871,,721
4872,,720
4873,,737
4874,,720
4875,,721
4876,,721
4877,,736
4878,,736
4879,,720
4880,,721
4881,,737
4882,,721
4883,,721
4884,,721
4885,,721
4886,,720
4887,,720
4888,,721
4889,,737
4890,,736
4891,,721
4892,,720
4893,,721
4894,,736
4895,,720
4896,,720
4897,,721
4898,,736
4899,,736
4900,,736
4901,1665,
4902,1680,
4903,1713,
4904,1713,
4905,1680,
4906,1585,
4907,1584,
4908,2049,
4909,2657,
4910,2736,
4911,2336,
4912,1824,
4913,1520,
4914,1424,
4915,1504,
4916,1697,
4917,1825,
4918,1809,
4919,1696,
4920,1552,
4921,1473,
4922,1441,
4923,1457,
4924,1505,
4925,1569,
4926,1632,
4927,1649,
4928,1601,
4929,1745,
4930,2208,
4931,2496,
4932,2321,
4933,1857,
4934,1457,
4935,1265,
4936,1329,
4937,1536,
4938,1761,
4939,1825,
4940,1713,
4941,1569,
4942,1440,
4943,1376,
4944,1408,
4945,1473,
4946,1553,
4947,1600,
4948,1632,
4949,1601,
4950,1696,
4951,,0
4952,,721
4953,,720
4954,,736
4955,,737
4956,,720
4957,,736
4958,,721
4959,,720
4960,,720
4961,,721
4962,,720
4963,,721
4964,,720
4965,,720
4966,,720
4967,,705
4968,,720
4969,,720
4970,,721
4971,,704
4972,,721
4973,,721
4974,,704
4975,,721
4976,,705
4977,,721
4978,,720
4979,,705
4980,,705
4981,,704
4982,,705
4983,,704
4984,,720
4985,,704
4986,,705
4987,,705
4988,,704
4989,,704
4990,,705
4991,,705
4992,,704
4993,,688
4994,,704
4995,,688
4996,,704
4997,,705
4998,,705
4999,,704
5000,,704
5001,2160,
5002,2577,
5003,2528,
5004,2081,
5005,1632,
5006,1376,
5007,1361,
5008,1505,
5009,1681,
5010,1793,
5011,1744,
5012,1601,
5013,1488,
5014,1408,
5015,1392,
5016,1440,
5017,1505,
5018,1536,
5019,1584,
5020,1568,
5021,1536,
5022,1552,
5023,1889,
5024,2465,
5025,2704,
5026,2401,
5027,1857,
5028,1488,
5029,1377,
5030,1489,
5031,1665,
5032,1792,
5033,1761,
5034,1680,
5035,1552,
5036,1457,
5037,1456,
5038,1488,
5039,1536,
5040,1569,
5041,1601,
5042,1616,
5043,1601,
5044,1712,
5045,2192,
5046,2593,
5047,2544,
5048,2097,
5049,1648,
5050,1409,
5051,,0
5052,,704
5053,,689
5054,,689
5055,,705
5056,,689
5057,,705
5058,,689
5059,,688
5060,,689
5061,,705
5062,,688
5063,,689
5064,,688
5065,,688
5066,,689
5067,,688
5068,,688
5069,,688
5070,,688
5071,,688
5072,,688
5073,,688
5074,,673
5075,,688
5076,,688
5077,,688
5078,,689
5079,,689
5080,,673
5081,,688
5082,,689
5083,,672
5084,,688
5085,,673
5086,,688
5087,,689
5088,,672
5089,,689
5090,,688
5091,,689
5092,,672
5093,,689
5094,,688
5095,,688
5096,,689
5097,,688
5098,,688
5099,,689
5100,,688
5101,1440,
5102,1600,
5103,1777,
5104,1857,
5105,1760,
5106,1633,
5107,1505,
5108,1441,
5109,1441,
5110,1472,
5111,1552,
5112,1616,
5113,1633,
5114,1969,
5115,2465,
5116,2592,
5117,2209,
5118,1729,
5119,1424,
5120,1361,
5121,1504,
5122,1697,
5123,1808,
5124,1744,
5125,1632,
5126,1520,
5127,1457,
5128,1440,
5129,1472,
5130,1537,
5131,1585,
5132,1600,
5133,1584,
5134,1553,
5135,1777,
5136,2353,
5137,2720,
5138,2497,
5139,1984,
5140,1616,
5141,1457,
5142,1472,
5143,1600,
5144,1729,
5145,1761,
5146,1680,
5147,1552,
5148,1441,
5149,1393,
5150,1393,
5151,,0
5152,,688
5153,,673
5154,,688
5155,,672
5156,,688
5157,,673
5158,,672
5159,,689
5160,,673
5161,,673
5162,,689
5163,,689
5164,,672
5165,,689
5166,,689
5167,,689
5168,,673
5169,,672
5170,,689
5171,,672
5172,,688
5173,,689
5174,,688
5175,,673
5176,,688
5177,,688
5178,,688
5179,,688
5180,,689
5181,,673
5182,,689
5183,,689
5184,,688
5185,,689
5186,,689
5187,,689
5188,,689
5189,,688
5190,,689
5191,,672
5192,,688
5193,,689
5194,,688
5195,,688
5196,,688
5197,,689
5198,,688
5199,,689
5200,,688
5201,1441,
5202,1504,
5203,1568,
5204,1569,
5205,1537,
5206,1489,
5207,1504,
5208,1552,
5209,1905,
5210,2561,
5211,2769,
5212,2401,
5213,1889,
5214,1568,
5215,1441,
5216,1472,
5217,1585,
5218,1681,
5219,1649,
5220,1584,
5221,1521,
5222,1472,
5223,1504,
5224,1520,
5225,1568,
5226,1521,
5227,1521,
5228,1520,
5229,1553,
5230,1537,
5231,1521,
5232,1505,
5233,1697,
5234,2049,
5235,2113,
5236,1777,
5237,1456,
5238,1264,
5239,1264,
5240,1440,
5241,1617,
5242,1681,
5243,1649,
5244,1601,
5245,1488,
5246,1361,
5247,1329,
5248,1408,
5249,1489,
5250,1552,
5251,,0
5252,,688
5253,,688
5254,,688
5255,,689
5256,,689
5257,,689
5258,,689
5259,,688
5260,,689
5261,,688
5262,,688
5263,,688
5264,,689
5265,,689
5266,,689
5267,,688
5268,,689
5269,,688
5270,,688
5271,,689
5272,,689
5273,,689
5274,,689
5275,,688
5276,,688
5277,,672
5278,,689
5279,,688
5280,,688
5281,,688
5282,,688
5283,,688
5284,,689
5285,,689
5286,,689
5287,,689
5288,,688
5289,,688
5290,,689
5291,,688
5292,,689
5293,,688
5294,,689
5295,,688
5296,,688
5297,,689
5298,,689
5299,,689
5300,,688
5301,1568,
5302,1520,
5303,1441,
5304,1440,
5305,1440,
5306,1504,
5307,1888,
5308,2385,
5309,2448,
5310,2080,
5311,1665,
5312,1473,
5313,1425,
5314,1505,
5315,1616,
5316,1665,
5317,1648,
5318,1553,
5319,1457,
5320,1425,
5321,1441,
5322,1425,
5323,1457,
5324,1473,
5325,1504,
5326,1489,
5327,1473,
5328,1488,
5329,1489,
5330,1489,
5331,1472,
5332,1568,
5333,2000,
5334,2481,
5335,2497,
5336,2080,
5337,1648,
5338,1457,
5339,1472,
5340,1568,
5341,1696,
5342,1760,
5343,1713,
5344,1616,
5345,1505,
5346,1472,
5347,1473,
5348,1505,
5349,1536,
5350,1584,
5351,,0
5352,,689
5353,,688
5354,,689
5355,,689
5356,,689
5357,,688
5358,,689
5359,,689
5360,,689
5361,,688
5362,,689
5363,,688
5364,,689
5365,,688
5366,,689
5367,,688
5368,,689
5369,,688
5370,,688
5371,,688
5372,,689
5373,,689
5374,,688
5375,,689
5376,,689
5377,,689
5378,,689
5379,,705
5380,,704
5381,,688
5382,,688
5383,,688
5384,,689
5385,,705
5386,,689
5387,,689
5388,,688
5389,,688
5390,,688
5391,,688
5392,,689
5393,,689
5394,,689
5395,,688
5396,,689
5397,,704
5398,,689
5399,,689
5400,,688
5401,1600,
5402,1600,
5403,1617,
5404,1601,
5405,1552,
5406,1568,
5407,1856,
5408,2304,
5409,2449,
5410,2161,
5411,1712,
5412,1424,
5413,1344,
5414,1456,
5415,1632,
5416,1745,
5417,1728,
5418,1649,
5419,1521,
5420,1456,
5421,1424,
5422,1425,
5423,1473,
5424,1536,
5425,1552,
5426,1568,
5427,1553,
5428,1537,
5429,1745,
5430,2209,
5431,2464,
5432,2257,
5433,1840,
5434,1489,
5435,1376,
5436,1425,
5437,1585,
5438,1713,
5439,1760,
5440,1665,
5441,1569,
5442,1489,
5443,1457,
5444,1456,
5445,1472,
5446,1505,
5447,1520,
5448,1536,
5449,1553,
5450,1552,
5451,,0
5452,,689
5453,,688
5454,,704
5455,,704
5456,,689
5457,,688
5458,,688
5459,,688
5460,,705
5461,,704
5462,,688
5463,,688
5464,,689
5465,,689
5466,,689
5467,,689
5468,,704
5469,,689
5470,,688
5471,,704
5472,,689
5473,,689
5474,,705
5475,,689
5476,,689
5477,,689
5478,,688
5479,,704
5480,,689
5481,,688
5482,,705
5483,,689
5484,,688
5485,,704
5486,,689
5487,,704
5488,,688
5489,,688
5490,,704
5491,,705
5492,,705
5493,,688
5494,,704
5495,,705
5496,,689
5497,,688
5498,,705
5499,,704
5500,,688
5501,1617,
5502,1984,
5503,2417,
5504,2464,
5505,2113,
5506,1712,
5507,1472,
5508,1425,
5509,1552,
5510,1712,
5511,1776,
5512,1745,
5513,1681,
5514,1584,
5515,1489,
5516,1473,
5517,1505,
5518,1552,
5519,1585,
5520,1601,
5521,1600,
5522,1616,
5523,1888,
5524,2272,
5525,2416,
5526,2128,
5527,1712,
5528,1408,
5529,1361,
5530,1489,
5531,1664,
5532,1760,
5533,1745,
5534,1665,
5535,1520,
5536,1441,
5537,1425,
5538,1457,
5539,1504,
5540,1537,
5541,1569,
5542,1648,
5543,1984,
5544,2368,
5545,2384,
5546,2033,
5547,1665,
5548,1456,
5549,1440,
5550,1569,
5551,,0
5552,,689
5553,,704
5554,,705
5555,,689
5556,,688
5557,,704
5558,,688
5559,,705
5560,,705
5561,,688
5562,,689
5563,,689
5564,,689
5565,,689
5566,,689
5567,,689
5568,,689
5569,,688
5570,,689
5571,,705
5572,,704
5573,,705
5574,,688
5575,,689
5576,,689
5577,,704
5578,,689
5579,,688
5580,,704
5581,,688
5582,,704
5583,,688
5584,,705
5585,,689
5586,,689
5587,,688
5588,,704
5589,,704
5590,,704
5591,,704
5592,,705
5593,,688
5594,,704
5595,,688
5596,,705
5597,,688
5598,,704
5599,,688
5600,,688
5601,1680,
5602,1744,
5603,1681,
5604,1601,
5605,1488,
5606,1441,
5607,1456,
5608,1473,
5609,1520,
5610,1553,
5611,1569,
5612,1584,
5613,1505,
5614,1600,
5615,2048,
5616,2481,
5617,2480,
5618,2097,
5619,1713,
5620,1504,
5621,1489,
5622,1584,
5623,1697,
5624,1729,
5625,1680,
5626,1585,
5627,1536,
5628,1505,
5629,1488,
5630,1520,
5631,1552,
5632,1584,
5633,1601,
5634,1601,
5635,1617,
5636,1600,
5637,1601,
5638,1585,
5639,1616,
5640,2001,
5641,2464,
5642,2576,
5643,2225,
5644,1809,
5645,1537,
5646,1505,
5647,1648,
5648,1792,
5649,1840,
5650,1760,
5651,,0
5652,,705
5653,,705
5654,,689
5655,,705
5656,,689
5657,,688
5658,,704
5659,,704
5660,,705
5661,,704
5662,,688
5663,,704
5664,,689
5665,,705
5666,,688
5667,,705
5668,,689
5669,,705
5670,,688
5671,,704
5672,,704
5673,,704
5674,,705
5675,,705
5676,,704
5677,,704
5678,,705
5679,,705
5680,,689
5681,,704
5682,,705
5683,,688
5684,,688
5685,,689
5686,,689
5687,,705
5688,,688
5689,,688
5690,,705
5691,,705
5692,,705
5693,,689
5694,,689
5695,,704
5696,,704
5697,,689
5698,,689
5699,,689
5700,,688
5701,1633,
5702,1536,
5703,1488,
5704,1504,
5705,1504,
5706,1536,
5707,1552,
5708,1552,
5709,1552,
5710,1537,
5711,1505,
5712,1649,
5713,2128,
5714,2480,
5715,2353,
5716,1920,
5717,1537,
5718,1425,
5719,1472,
5720,1601,
5721,1729,
5722,1728,
5723,1649,
5724,1536,
5725,1457,
5726,1456,
5727,1457,
5728,1489,
5729,1536,
5730,1553,
5731,1553,
5732,1568,
5733,1553,
5734,1521,
5735,1537,
5736,1776,
5737,2304,
5738,2592,
5739,2384,
5740,1921,
5741,1552,
5742,1425,
5743,1473,
5744,1617,
5745,1744,
5746,1761,
5747,1649,
5748,1552,
5749,1504,
5750,1472,
5751,,0
5752,,704
5753,,704
5754,,689
5755,,689
5756,,705
5757,,704
5758,,704
5759,,704
5760,,705
5761,,688
5762,,704
5763,,705
5764,,704
5765,,705
5766,,688
5767,,704
5768,,688
5769,,704
5770,,704
5771,,705
5772,,705
5773,,704
5774,,705
5775,,705
5776,,688
5777,,705
5778,,705
5779,,705
5780,,688
5781,,705
5782,,705
5783,,704
5784,,705
5785,,689
5786,,704
5787,,705
5788,,704
5789,,705
5790,,704
5791,,689
5792,,704
5793,,705
5794,,704
5795,,704
5796,,705
5797,,688
5798,,704
5799,,704
5800,,705
5801,1488,
5802,1504,
5803,1553,
5804,1585,
5805,1569,
5806,1601,
5807,1584,
5808,1552,
5809,1584,
5810,1857,
5811,2385,
5812,2624,
5813,2368,
5814,1905,
5815,1568,
5816,1441,
5817,1568,
5818,1728,
5819,1824,
5820,1793,
5821,1664,
5822,1553,
5823,1456,
5824,1457,
5825,1505,
5826,1553,
5827,1569,
5828,1584,
5829,1553,
5830,1552,
5831,1536,
5832,1809,
5833,2305,
5834,2528,
5835,2241,
5836,1761,
5837,1456,
5838,1360,
5839,1489,
5840,1680,
5841,1777,
5842,1744,
5843,1632,
5844,1488,
5845,1425,
5846,1440,
5847,1473,
5848,1520,
5849,1537,
5850,1569,
5851,,0
5852,,705
5853,,704
5854,,705
5855,,705
5856,,705
5857,,704
5858,,705
5859,,704
5860,,689
5861,,705
5862,,704
5863,,705
5864,,704
5865,,705
5866,,688
5867,,688
5868,,688
5869,,704
5870,,705
5871,,705
5872,,705
5873,,705
5874,,704
5875,,704
5876,,704
5877,,704
5878,,689
5879,,704
5880,,705
5881,,704
5882,,705
5883,,705
5884,,705
5885,,704
5886,,705
5887,,704
5888,,705
5889,,705
5890,,704
5891,,705
5892,,704
5893,,705
5894,,705
5895,,689
5896,,705
5897,,704
5898,,705
5899,,704
5900,,704
5901,1569,
5902,1584,
5903,1552,
5904,1585,
5905,2033,
5906,2545,
5907,2609,
5908,2224,
5909,1776,
5910,1552,
5911,1504,
5912,1601,
5913,1713,
5914,1744,
5915,1697,
5916,1584,
5917,1473,
5918,1441,
5919,1441,
5920,1457,
5921,1504,
5922,1520,
5923,1536,
5924,1552,
5925,1568,
5926,1537,
5927,1504,
5928,1489,
5929,1633,
5930,2176,
5931,2688,
5932,2688,
5933,2240,
5934,1761,
5935,1521,
5936,1536,
5937,1664,
5938,1793,
5939,1825,
5940,1745,
5941,1632,
5942,1537,
5943,1504,
5944,1505,
5945,1537,
5946,1584,
5947,1616,
5948,1648,
5949,1648,
5950,1601,
5951,,0
5952,,704
5953,,705
5954,,704
5955,,704
5956,,705
5957,,704
5958,,704
5959,,705
5960,,705
5961,,705
5962,,705
5963,,704
5964,,705
5965,,705
5966,,704
5967,,721
5968,,705
5969,,705
5970,,704
5971,,705
5972,,705
5973,,704
5974,,705
5975,,705
5976,,704
5977,,705
5978,,720
5979,,704
5980,,721
5981,,720
5982,,704
5983,,720
5984,,705
5985,,704
5986,,705
5987,,705
5988,,721
5989,,704
5990,,704
5991,,705
5992,,720
5993,,705
5994,,720
5995,,705
5996,,721
5997,,721
5998,,720
5999,,705
6000,,705
6001,1569,
6002,1681,
6003,2145,
6004,2561,
6005,2513,
6006,2080,
6007,1617,
6008,1360,
6009,1424,
6010,1617,
6011,1840,
6012,1888,
6013,1776,
6014,1617,
6015,1504,
6016,1472,
6017,1520,
6018,1601,
6019,1632,
6020,1616,
6021,1729,
6022,2192,
6023,2592,
6024,2497,
6025,2048,
6026,1632,
6027,1393,
6028,1393,
6029,1553,
6030,1761,
6031,1825,
6032,1729,
6033,1552,
6034,1441,
6035,1425,
6036,1457,
6037,1504,
6038,1552,
6039,1840,
6040,2384,
6041,2657,
6042,2417,
6043,1937,
6044,1568,
6045,1408,
6046,1441,
6047,1553,
6048,1696,
6049,1712,
6050,1616,
6051,,0
6052,,721
6053,,720
6054,,705
6055,,704
6056,,705
6057,,720
6058,,704
6059,,721
6060,,720
6061,,720
6062,,720
6063,,704
6064,,721
6065,,704
6066,,705
6067,,705
6068,,705
6069,,705
6070,,720
6071,,705
6072,,704
6073,,704
6074,,704
6075,,704
6076,,704
6077,,720
6078,,704
6079,,704
6080,,704
6081,,705
6082,,720
6083,,704
6084,,705
6085,,705
6086,,705
6087,,704
6088,,704
6089,,705
6090,,705
6091,,705
6092,,720
6093,,705
6094,,705
6095,,704
6096,,704
6097,,705
6098,,705
6099,,720
6100,,705
6101,1488,
6102,1392,
6103,1360,
6104,1392,
6105,1425,
6106,1472,
6107,1489,
6108,1472,
6109,1473,
6110,1457,
6111,1456,
6112,1457,
6113,1456,
6114,1601,
6115,2240,
6116,2848,
6117,2816,
6118,2256,
6119,1713,
6120,1488,
6121,1457,
6122,1553,
6123,1665,
6124,1713,
6125,1648,
6126,1521,
6127,1409,
6128,1360,
6129,1360,
6130,1409,
6131,1440,
6132,1457,
6133,1473,
6134,1473,
6135,1457,
6136,1440,
6137,1424,
6138,1457,
6139,1457,
6140,1472,
6141,1568,
6142,2128,
6143,2769,
6144,2929,
6145,2465,
6146,1857,
6147,1488,
6148,1424,
6149,1537,
6150,1665,
6151,,0
6152,,704
6153,,705
6154,,705
6155,,721
6156,,704
6157,,705
6158,,720
6159,,704
6160,,721
6161,,721
6162,,705
6163,,705
6164,,704
6165,,721
6166,,705
6167,,705
6168,,721
6169,,720
6170,,720
6171,,704
6172,,704
6173,,705
6174,,704
6175,,720
6176,,721
6177,,720
6178,,704
6179,,720
6180,,704
6181,,721
6182,,720
6183,,705
6184,,720
6185,,705
6186,,720
6187,,720
6188,,720
6189,,720
6190,,704
6191,,721
6192,,720
6193,,721
6194,,720
6195,,721
6196,,720
6197,,705
6198,,704
6199,,705
6200,,704
6201,1728,
6202,1745,
6203,1697,
6204,1537,
6205,1377,
6206,1328,
6207,1361,
6208,1408,
6209,1440,
6210,1472,
6211,1489,
6212,1504,
6213,1489,
6214,1472,
6215,1473,
6216,1457,
6217,1504,
6218,2016,
6219,2753,
6220,2993,
6221,2561,
6222,1888,
6223,1425,
6224,1296,
6225,1424,
6226,1617,
6227,1777,
6228,1776,
6229,1696,
6230,1536,
6231,1425,
6232,1377,
6233,1360,
6234,1409,
6235,1441,
6236,1472,
6237,1520,
6238,1504,
6239,1488,
6240,1536,
6241,2001,
6242,2657,
6243,2849,
6244,2448,
6245,1809,
6246,1345,
6247,1217,
6248,1360,
6249,1601,
6250,1792,
6251,,0
6252,,720
6253,,704
6254,,720
6255,,721
6256,,721
6257,,721
6258,,720
6259,,721
6260,,705
6261,,720
6262,,721
6263,,704
6264,,705
6265,,720
6266,,721
6267,,705
6268,,704
6269,,720
6270,,721
6271,,721
6272,,721
6273,,721
6274,,721
6275,,720
6276,,720
6277,,705
6278,,705
6279,,721
6280,,721
6281,,720
6282,,720
6283,,705
6284,,721
6285,,720
6286,,721
6287,,721
6288,,720
6289,,721
6290,,721
6291,,704
6292,,720
6293,,720
6294,,721
6295,,720
6296,,720
6297,,720
6298,,721
6299,,704
6300,,721
6301,1825,
6302,1729,
6303,1648,
6304,1536,
6305,1457,
6306,1409,
6307,1424,
6308,1473,
6309,1488,
6310,1488,
6311,1472,
6312,1488,
6313,1488,
6314,1904,
6315,2544,
6316,2801,
6317,2480,
6318,1888,
6319,1345,
6320,1024,
6321,1057,
6322,1425,
6323,1776,
6324,1984,
6325,2017,
6326,1904,
6327,1729,
6328,1616,
6329,1504,
6330,1425,
6331,1329,
6332,1265,
6333,1280,
6334,1760,
6335,2465,
6336,2784,
6337,2496,
6338,1952,
6339,1632,
6340,1505,
6341,1680,
6342,2305,
6343,2976,
6344,3216,
6345,3153,
6346,2977,
6347,2833,
6348,2816,
6349,2881,
6350,2832,
6351,,0
6352,,721
6353,,720
6354,,721
6355,,704
6356,,721
6357,,721
6358,,721
6359,,721
6360,,720
6361,,720
6362,,721
6363,,721
6364,,720
6365,,721
6366,,705
6367,,721
6368,,721
6369,,721
6370,,721
6371,,720
6372,,705
6373,,704
6374,,704
6375,,705
6376,,705
6377,,705
6378,,705
6379,,704
6380,,705
6381,,705
6382,,705
6383,,705
6384,,705
6385,,705
6386,,689
6387,,705
6388,,705
6389,,705
6390,,689
6391,,689
6392,,689
6393,,689
6394,,688
6395,,689
6396,,688
6397,,689
6398,,688
6399,,672
6400,,672
6401,2737,
6402,3025,
6403,3233,
6404,3232,
6405,3120,
6406,2608,
6407,2208,
6408,2017,
6409,2048,
6410,2241,
6411,2369,
6412,2336,
6413,2161,
6414,1969,
6415,1825,
6416,1745,
6417,1744,
6418,1889,
6419,2417,
6420,2976,
6421,3104,
6422,2768,
6423,2273,
6424,1857,
6425,1616,
6426,1664,
6427,1873,
6428,2049,
6429,2049,
6430,1953,
6431,1824,
6432,1713,
6433,1633,
6434,1584,
6435,1584,
6436,1905,
6437,2480,
6438,2833,
6439,2640,
6440,2192,
6441,1713,
6442,1361,
6443,1217,
6444,1216,
6445,1297,
6446,1377,
6447,1377,
6448,1281,
6449,1216,
6450,1184,
6451,,0
6452,,673
6453,,689
6454,,688
6455,,672
6456,,672
6457,,673
6458,,673
6459,,673
6460,,656
6461,,656
6462,,657
6463,,672
6464,,656
6465,,656
6466,,656
6467,,657
6468,,657
6469,,657
6470,,657
6471,,640
6472,,640
6473,,640
6474,,641
6475,,640
6476,,641
6477,,640
6478,,641
6479,,640
6480,,625
6481,,625
6482,,608
6483,,624
6484,,609
6485,,624
6486,,609
6487,,609
6488,,608
6489,,609
6490,,592
6491,,593
6492,,609
6493,,609
6494,,592
6495,,608
6496,,593
6497,,609
6498,,608
6499,,608
6500,,593
6501,1248,
6502,1280,
6503,1297,
6504,1312,
6505,1328,
6506,1345,
6507,1361,
6508,1392,
6509,1408,
6510,1425,
6511,1440,
6512,1441,
6513,1456,
6514,1457,
6515,1473,
6516,1777,
6517,2497,
6518,3040,
6519,2912,
6520,2288,
6521,1649,
6522,1297,
6523,1233,
6524,1393,
6525,1665,
6526,1793,
6527,1760,
6528,1616,
6529,1456,
6530,1345,
6531,1312,
6532,1345,
6533,1440,
6534,1473,
6535,1489,
6536,1489,
6537,1473,
6538,1441,
6539,1441,
6540,1440,
6541,1440,
6542,1472,
6543,1456,
6544,1585,
6545,2145,
6546,2833,
6547,3024,
6548,2545,
6549,1857,
6550,1377,
6551,,0
6552,,608
6553,,593
6554,,592
6555,,592
6556,,592
6557,,592
6558,,593
6559,,592
6560,,592
6561,,592
6562,,592
6563,,593
6564,,593
6565,,577
6566,,592
6567,,593
6568,,577
6569,,577
6570,,576
6571,,576
6572,,577
6573,,576
6574,,592
6575,,576
6576,,577
6577,,592
6578,,592
6579,,593
6580,,593
6581,,592
6582,,577
6583,,593
6584,,577
6585,,576
6586,,593
6587,,577
6588,,592
6589,,577
6590,,577
6591,,577
6592,,593
6593,,592
6594,,577
6595,,576
6596,,576
6597,,592
6598,,593
6599,,576
6600,,593
6601,1201,
6602,1248,
6603,1504,
6604,1745,
6605,1808,
6606,1712,
6607,1568,
6608,1440,
6609,1377,
6610,1329,
6611,1361,
6612,1440,
6613,1440,
6614,1425,
6615,1425,
6616,1424,
6617,1377,
6618,1377,
6619,1392,
6620,1376,
6621,1425,
6622,1841,
6623,2544,
6624,2960,
6625,2721,
6626,2080,
6627,1489,
6628,1184,
6629,1153,
6630,1360,
6631,1648,
6632,1808,
6633,1761,
6634,1617,
6635,1457,
6636,1328,
6637,1233,
6638,1265,
6639,1312,
6640,1393,
6641,1441,
6642,1489,
6643,1521,
6644,1553,
6645,1552,
6646,1568,
6647,1568,
6648,1792,
6649,2448,
6650,2992,
6651,,0
6652,,577
6653,,593
6654,,576
6655,,576
6656,,577
6657,,593
6658,,577
6659,,576
6660,,577
6661,,577
6662,,576
6663,,577
6664,,577
6665,,577
6666,,576
6667,,577
6668,,561
6669,,576
6670,,577
6671,,576
6672,,576
6673,,577
6674,,576
6675,,577
6676,,576
6677,,576
6678,,577
6679,,576
6680,,576
6681,,560
6682,,561
6683,,576
6684,,560
6685,,560
6686,,577
6687,,577
6688,,560
6689,,577
6690,,576
6691,,577
6692,,576
6693,,576
6694,,577
6695,,577
6696,,576
6697,,576
6698,,577
6699,,561
6700,,577
6701,2896,
6702,2289,
6703,1585,
6704,1169,
6705,1072,
6706,1280,
6707,1584,
6708,1808,
6709,1792,
6710,1664,
6711,1456,
6712,1345,
6713,1344,
6714,1408,
6715,1504,
6716,1536,
6717,1521,
6718,1473,
6719,1425,
6720,1392,
6721,1392,
6722,1585,
6723,2161,
6724,2737,
6725,2769,
6726,2209,
6727,1568,
6728,1184,
6729,1089,
6730,1265,
6731,1569,
6732,1824,
6733,1872,
6734,1729,
6735,1505,
6736,1360,
6737,1312,
6738,1360,
6739,1425,
6740,1473,
6741,1504,
6742,1488,
6743,1505,
6744,1504,
6745,1568,
6746,2033,
6747,2625,
6748,2721,
6749,2305,
6750,1712,
6751,,0
6752,,576
6753,,576
6754,,576
6755,,576
6756,,576
6757,,561
6758,,576
6759,,576
6760,,577
6761,,560
6762,,560
6763,,561
6764,,560
6765,,561
6766,,560
6767,,561
6768,,561
6769,,560
6770,,560
6771,,561
6772,,545
6773,,561
6774,,560
6775,,560
6776,,560
6777,,561
6778,,561
6779,,560
6780,,561
6781,,544
6782,,560
6783,,561
6784,,561
6785,,561
6786,,560
6787,,560
6788,,560
6789,,561
6790,,560
6791,,561
6792,,560
6793,,560
6794,,561
6795,,560
6796,,577
6797,,576
6798,,560
6799,,561
6800,,576
6801,1281,
6802,1152,
6803,1233,
6804,1505,
6805,1792,
6806,1889,
6807,1808,
6808,1616,
6809,1456,
6810,1361,
6811,1393,
6812,1440,
6813,1488,
6814,1521,
6815,1632,
6816,1952,
6817,2481,
6818,2673,
6819,2336,
6820,1808,
6821,1376,
6822,1184,
6823,1232,
6824,1473,
6825,1745,
6826,1857,
6827,1777,
6828,1649,
6829,1505,
6830,1409,
6831,1376,
6832,1408,
6833,1457,
6834,1488,
6835,1536,
6836,1744,
6837,2256,
6838,2656,
6839,2512,
6840,2016,
6841,1553,
6842,1296,
6843,1265,
6844,1408,
6845,1633,
6846,1793,
6847,1792,
6848,1633,
6849,1521,
6850,1441,
6851,,0
6852,,577
6853,,560
6854,,577
6855,,577
6856,,560
6857,,576
6858,,577
6859,,576
6860,,577
6861,,576
6862,,577
6863,,577
6864,,577
6865,,576
6866,,576
6867,,577
6868,,577
6869,,560
6870,,576
6871,,577
6872,,576
6873,,577
6874,,577
6875,,561
6876,,577
6877,,576
6878,,577
6879,,576
6880,,577
6881,,577
6882,,592
6883,,576
6884,,576
6885,,576
6886,,592
6887,,577
6888,,577
6889,,576
6890,,577
6891,,593
6892,,576
6893,,577
6894,,577
6895,,577
6896,,577
6897,,576
6898,,592
6899,,592
6900,,593
6901,1408,
6902,1409,
6903,1456,
6904,1473,
6905,1520,
6906,1537,
6907,1664,
6908,2097,
6909,2561,
6910,2593,
6911,2145,
6912,1632,
6913,1329,
6914,1265,
6915,1408,
6916,1648,
6917,1808,
6918,1824,
6919,1713,
6920,1521,
6921,1440,
6922,1408,
6923,1408,
6924,1441,
6925,1505,
6926,1568,
6927,1601,
6928,1569,
6929,1616,
6930,2016,
6931,2529,
6932,2641,
6933,2256,
6934,1744,
6935,1392,
6936,1281,
6937,1376,
6938,1601,
6939,1793,
6940,1873,
6941,1745,
6942,1553,
6943,1424,
6944,1376,
6945,1409,
6946,1473,
6947,1521,
6948,1536,
6949,1585,
6950,1585,
6951,,0
6952,,577
6953,,592
6954,,577
6955,,592
6956,,592
6957,,592
6958,,577
6959,,577
6960,,576
6961,,593
6962,,592
6963,,577
6964,,592
6965,,592
6966,,576
6967,,577
6968,,592
6969,,593
6970,,592
6971,,576
6972,,592
6973,,577
6974,,592
6975,,576
6976,,593
6977,,577
6978,,593
6979,,593
6980,,592
6981,,592
6982,,577
6983,,593
6984,,592
6985,,593
6986,,593
6987,,592
6988,,593
6989,,593
6990,,577
6991,,592
6992,,592
6993,,593
6994,,593
6995,,593
6996,,593
6997,,592
6998,,577
6999,,592
7000,,577
7001,1569,
7002,1761,
7003,2257,
7004,2625,
7005,2449,
7006,1920,
7007,1441,
7008,1248,
7009,1296,
7010,1505,
7011,1745,
7012,1841,
7013,1760,
7014,1616,
7015,1472,
7016,1392,
7017,1377,
7018,1377,
7019,1409,
7020,1441,
7021,1473,
7022,1521,
7023,1585,
7024,1825,
7025,2384,
7026,2801,
7027,2592,
7028,2049,
7029,1520,
7030,1264,
7031,1249,
7032,1456,
7033,1713,
7034,1873,
7035,1809,
7036,1633,
7037,1456,
7038,1360,
7039,1377,
7040,1473,
7041,1521,
7042,1536,
7043,1553,
7044,1568,
7045,1809,
7046,2256,
7047,2385,
7048,2096,
7049,1680,
7050,1344,
7051,,0
7052,,577
7053,,576
7054,,577
7055,,592
7056,,592
7057,,576
7058,,577
7059,,577
7060,,577
7061,,576
7062,,576
7063,,577
7064,,561
7065,,561
7066,,560
7067,,577
7068,,576
7069,,561
7070,,577
7071,,561
7072,,560
7073,,560
7074,,576
7075,,561
7076,,561
7077,,561
7078,,560
7079,,560
7080,,561
7081,,560
7082,,561
7083,,561
7084,,560
7085,,576
7086,,561
7087,,561
7088,,561
7089,,561
7090,,560
7091,,560
7092,,560
7093,,560
7094,,560
7095,,560
7096,,576
7097,,560
7098,,560
7099,,576
7100,,560
7101,1201,
7102,1297,
7103,1504,
7104,1729,
7105,1761,
7106,1665,
7107,1520,
7108,1409,
7109,1377,
7110,1440,
7111,1521,
7112,1568,
7113,1568,
7114,1601,
7115,1921,
7116,2416,
7117,2593,
7118,2257,
7119,1728,
7120,1345,
7121,1248,
7122,1361,
7123,1600,
7124,1809,
7125,1809,
7126,1680,
7127,1504,
7128,1393,
7129,1376,
7130,1408,
7131,1424,
7132,1472,
7133,1504,
7134,1568,
7135,1968,
7136,2464,
7137,2576,
7138,2193,
7139,1664,
7140,1328,
7141,1265,
7142,1393,
7143,1617,
7144,1776,
7145,1761,
7146,1649,
7147,1504,
7148,1441,
7149,1392,
7150,1393,
7151,,0
7152,,561
7153,,560
7154,,561
7155,,577
7156,,561
7157,,560
7158,,561
7159,,560
7160,,560
7161,,576
7162,,560
7163,,576
7164,,561
7165,,576
7166,,576
7167,,577
7168,,576
7169,,560
7170,,560
7171,,560
7172,,576
7173,,576
7174,,577
7175,,561
7176,,576
7177,,576
7178,,560
7179,,577
7180,,576
7181,,576
7182,,561
7183,,577
7184,,561
7185,,577
7186,,576
7187,,576
7188,,561
7189,,561
7190,,561
7191,,576
7192,,560
7193,,561
7194,,560
7195,,560
7196,,561
7197,,577
7198,,577
7199,,560
7200,,560
7201,1440,
7202,1473,
7203,1521,
7204,1552,
7205,1553,
7206,1680,
7207,2160,
7208,2624,
7209,2545,
7210,2065,
7211,1568,
7212,1281,
7213,1265,
7214,1505,
7215,1760,
7216,1841,
7217,1761,
7218,1617,
7219,1472,
7220,1392,
7221,1393,
7222,1408,
7223,1457,
7224,1504,
7225,1537,
7226,1552,
7227,1552,
7228,1521,
7229,1696,
7230,2177,
7231,2640,
7232,2593,
7233,2129,
7234,1584,
7235,1265,
7236,1249,
7237,1457,
7238,1728,
7239,1888,
7240,1809,
7241,1633,
7242,1473,
7243,1392,
7244,1377,
7245,1392,
7246,1409,
7247,1456,
7248,1521,
7249,1537,
7250,1552,
7251,,0
7252,,560
7253,,560
7254,,561
7255,,561
7256,,561
7257,,561
7258,,560
7259,,560
7260,,561
7261,,561
7262,,560
7263,,560
7264,,561
7265,,560
7266,,545
7267,,561
7268,,561
7269,,561
7270,,560
7271,,561
7272,,560
7273,,560
7274,,561
7275,,561
7276,,561
7277,,561
7278,,560
7279,,560
7280,,560
7281,,560
7282,,561
7283,,561
7284,,560
7285,,560
7286,,560
7287,,561
7288,,561
7289,,561
7290,,561
7291,,561
7292,,561
7293,,561
7294,,561
7295,,560
7296,,560
7297,,561
7298,,560
7299,,561
7300,,561
7301,1521,
7302,1585,
7303,2033,
7304,2609,
7305,2704,
7306,2289,
7307,1712,
7308,1265,
7309,1168,
7310,1360,
7311,1632,
7312,1825,
7313,1872,
7314,1761,
7315,1553,
7316,1408,
7317,1361,
7318,1361,
7319,1424,
7320,1504,
7321,1569,
7322,1633,
7323,1664,
7324,1616,
7325,1648,
7326,2064,
7327,2609,
7328,2752,
7329,2321,
7330,1696,
7331,1265,
7332,1137,
7333,1312,
7334,1601,
7335,1761,
7336,1792,
7337,1728,
7338,1632,
7339,1552,
7340,1488,
7341,1456,
7342,1457,
7343,1472,
7344,1489,
7345,1504,
7346,1680,
7347,2192,
7348,2608,
7349,2497,
7350,1985,
7351,,0
7352,,560
7353,,561
7354,,561
7355,,560
7356,,560
7357,,560
7358,,561
7359,,560
7360,,560
7361,,561
7362,,561
7363,,561
7364,,560
7365,,561
7366,,560
7367,,560
7368,,561
7369,,561
7370,,561
7371,,560
7372,,560
7373,,560
7374,,560
7375,,560
7376,,560
7377,,561
7378,,560
7379,,561
7380,,560
7381,,560
7382,,560
7383,,560
7384,,561
7385,,561
7386,,560
7387,,561
7388,,544
7389,,544
7390,,560
7391,,560
7392,,560
7393,,545
7394,,560
7395,,560
7396,,560
7397,,561
7398,,560
7399,,561
7400,,545
7401,1441,
7402,1136,
7403,1137,
7404,1376,
7405,1696,
7406,1872,
7407,1808,
7408,1649,
7409,1489,
7410,1408,
7411,1393,
7412,1409,
7413,1456,
7414,1489,
7415,1713,
7416,2273,
7417,2705,
7418,2592,
7419,2080,
7420,1537,
7421,1233,
7422,1249,
7423,1489,
7424,1760,
7425,1857,
7426,1793,
7427,1601,
7428,1472,
7429,1409,
7430,1408,
7431,1440,
7432,1489,
7433,1520,
7434,1777,
7435,2336,
7436,2720,
7437,2576,
7438,2049,
7439,1520,
7440,1265,
7441,1280,
7442,1489,
7443,1712,
7444,1777,
7445,1713,
7446,1616,
7447,1489,
7448,1408,
7449,1409,
7450,1441,
7451,,0
7452,,560
7453,,545
7454,,545
7455,,544
7456,,561
7457,,544
7458,,544
7459,,545
7460,,560
7461,,544
7462,,545
7463,,560
7464,,544
7465,,544
7466,,560
7467,,560
7468,,544
7469,,561
7470,,544
7471,,544
7472,,544
7473,,544
7474,,545
7475,,560
7476,,561
7477,,545
7478,,560
7479,,561
7480,,544
7481,,544
7482,,560
7483,,544
7484,,545
7485,,545
7486,,561
7487,,544
7488,,560
7489,,545
7490,,560
7491,,560
7492,,560
7493,,545
7494,,544
7495,,545
7496,,560
7497,,561
7498,,560
7499,,561
7500,,545
7501,1505,
7502,1521,
7503,1585,
7504,1968,
7505,2513,
7506,2704,
7507,2336,
7508,1792,
7509,1376,
7510,1264,
7511,1409,
7512,1681,
7513,1840,
7514,1808,
7515,1633,
7516,1488,
7517,1424,
7518,1425,
7519,1456,
7520,1488,
7521,1536,
7522,1552,
7523,1600,
7524,2001,
7525,2529,
7526,2657,
7527,2256,
7528,1713,
7529,1313,
7530,1233,
7531,1425,
7532,1728,
7533,1873,
7534,1776,
7535,1601,
7536,1425,
7537,1377,
7538,1392,
7539,1457,
7540,1505,
7541,1537,
7542,1665,
7543,2160,
7544,2672,
7545,2689,
7546,2208,
7547,1665,
7548,1344,
7549,1281,
7550,1473,
7551,,0
7552,,561
7553,,560
7554,,560
7555,,544
7556,,561
7557,,544
7558,,561
7559,,561
7560,,560
7561,,544
7562,,560
7563,,560
7564,,544
7565,,544
7566,,560
7567,,545
7568,,561
7569,,561
7570,,545
7571,,545
7572,,545
7573,,561
7574,,545
7575,,545
7576,,545
7577,,544
7578,,545
7579,,545
7580,,561
7581,,560
7582,,544
7583,,561
7584,,544
7585,,544
7586,,545
7587,,560
7588,,544
7589,,544
7590,,545
7591,,545
7592,,545
7593,,545
7594,,544
7595,,545
7596,,545
7597,,545
7598,,545
7599,,544
7600,,545
7601,1696,
7602,1808,
7603,1744,
7604,1584,
7605,1440,
7606,1361,
7607,1360,
7608,1425,
7609,1489,
7610,1520,
7611,1728,
7612,2320,
7613,2833,
7614,2752,
7615,2177,
7616,1649,
7617,1377,
7618,1361,
7619,1504,
7620,1665,
7621,1760,
7622,1680,
7623,1505,
7624,1408,
7625,1344,
7626,1345,
7627,1408,
7628,1457,
7629,1489,
7630,1505,
7631,1488,
7632,1472,
7633,1473,
7634,1792,
7635,2529,
7636,3009,
7637,2736,
7638,2096,
7639,1584,
7640,1377,
7641,1393,
7642,1536,
7643,1697,
7644,1745,
7645,1665,
7646,1505,
7647,1392,
7648,1313,
7649,1329,
7650,1376,
7651,,0
7652,,544
7653,,545
7654,,544
7655,,544
7656,,545
7657,,544
7658,,544
7659,,544
7660,,544
7661,,544
7662,,544
7663,,560
7664,,544
7665,,545
7666,,544
7667,,545
7668,,545
7669,,544
7670,,544
7671,,545
7672,,544
7673,,545
7674,,545
7675,,545
7676,,544
7677,,545
7678,,544
7679,,544
7680,,545
7681,,544
7682,,544
7683,,544
7684,,544
7685,,544
7686,,545
7687,,560
7688,,545
7689,,561
7690,,560
7691,,544
7692,,545
7693,,545
7694,,544
7695,,545
7696,,544
7697,,545
7698,,545
7699,,560
7700,,545
7701,1424,
7702,1457,
7703,1488,
7704,1489,
7705,1505,
7706,1489,
7707,1489,
7708,1488,
7709,1617,
7710,2161,
7711,2864,
7712,3009,
7713,2496,
7714,1777,
7715,1345,
7716,1281,
7717,1457,
7718,1713,
7719,1840,
7720,1777,
7721,1601,
7722,1409,
7723,1345,
7724,1393,
7725,1456,
7726,1505,
7727,1504,
7728,1456,
7729,1408,
7730,1409,
7731,1456,
7732,1489,
7733,1793,
7734,2464,
7735,2817,
7736,2529,
7737,1905,
7738,1393,
7739,1200,
7740,1296,
7741,1521,
7742,1745,
7743,1745,
7744,1617,
7745,1456,
7746,1345,
7747,1329,
7748,1376,
7749,1425,
7750,1457,
7751,,0
7752,,544
7753,,560
7754,,544
7755,,545
7756,,544
7757,,545
7758,,545
7759,,544
7760,,561
7761,,545
7762,,561
7763,,544
7764,,545
7765,,561
7766,,545
7767,,544
7768,,544
7769,,544
7770,,544
7771,,544
7772,,544
7773,,544
7774,,545
7775,,545
7776,,544
7777,,560
7778,,545
7779,,544
7780,,561
7781,,560
7782,,545
7783,,545
7784,,545
7785,,560
7786,,544
7787,,561
7788,,545
7789,,544
7790,,545
7791,,545
7792,,545
7793,,560
7794,,544
7795,,544
7796,,560
7797,,545
7798,,560
7799,,544
7800,,544
7801,1472,
7802,1632,
7803,2176,
7804,2657,
7805,2609,
7806,2081,
7807,1489,
7808,1120,
7809,1073,
7810,1297,
7811,1617,
7812,1792,
7813,1761,
7814,1617,
7815,1440,
7816,1328,
7817,1329,
7818,1376,
7819,1408,
7820,1569,
7821,2161,
7822,2816,
7823,2881,
7824,2337,
7825,1681,
7826,1232,
7827,1121,
7828,1280,
7829,1569,
7830,1793,
7831,1808,
7832,1665,
7833,1489,
7834,1360,
7835,1328,
7836,1344,
7837,1409,
7838,1457,
7839,1552,
7840,1984,
7841,2704,
7842,3008,
7843,2625,
7844,1952,
7845,1424,
7846,1201,
7847,1264,
7848,1489,
7849,1745,
7850,1809,
7851,,0
7852,,545
7853,,560
7854,,560
7855,,544
7856,,561
7857,,544
7858,,560
7859,,544
7860,,545
7861,,545
7862,,560
7863,,544
7864,,560
7865,,545
7866,,561
7867,,544
7868,,560
7869,,545
7870,,544
7871,,544
7872,,560
7873,,545
7874,,560
7875,,560
7876,,561
7877,,545
7878,,561
7879,,560
7880,,560
7881,,561
7882,,545
7883,,545
7884,,544
7885,,561
7886,,560
7887,,561
7888,,560
7889,,561
7890,,545
7891,,560
7892,,560
7893,,560
7894,,560
7895,,560
7896,,545
7897,,544
7898,,560
7899,,544
7900,,560
7901,1712,
7902,1536,
7903,1408,
7904,1344,
7905,1344,
7906,1361,
7907,1409,
7908,1457,
7909,1489,
7910,1504,
7911,1761,
7912,2481,
7913,3024,
7914,2896,
7915,2208,
7916,1553,
7917,1200,
7918,1217,
7919,1472,
7920,1712,
7921,1809,
7922,1744,
7923,1568,
7924,1408,
7925,1329,
7926,1345,
7927,1393,
7928,1425,
7929,1441,
7930,1409,
7931,1488,
7932,2081,
7933,2800,
7934,2960,
7935,2448,
7936,1713,
7937,1200,
7938,1057,
7939,1280,
7940,1600,
7941,1824,
7942,1809,
7943,1648,
7944,1456,
7945,1297,
7946,1232,
7947,1281,
7948,1425,
7949,1504,
7950,1521,
7951,,0
7952,,545
7953,,544
7954,,545
7955,,560
7956,,544
7957,,544
7958,,561
7959,,545
7960,,544
7961,,545
7962,,544
7963,,544
7964,,560
7965,,560
7966,,561
7967,,544
7968,,560
7969,,544
7970,,560
7971,,561
7972,,544
7973,,545
7974,,560
7975,,561
7976,,545
7977,,544
7978,,560
7979,,545
7980,,561
7981,,545
7982,,545
7983,,545
7984,,544
7985,,545
7986,,560
7987,,545
7988,,544
7989,,560
7990,,545
7991,,560
7992,,545
7993,,544
7994,,544
7995,,545
7996,,560
7997,,561
7998,,560
7999,,545
8000,,544
8001,1536,
8002,1857,
8003,2577,
8004,3008,
8005,2736,
8006,2017,
8007,1425,
8008,1137,
8009,1201,
8010,1472,
8011,1729,
8012,1809,
8013,1697,
8014,1537,
8015,1408,
8016,1328,
8017,1313,
8018,1377,
8019,1424,
8020,1441,
8021,1472,
8022,1488,
8023,1489,
8024,1745,
8025,2433,
8026,2992,
8027,2896,
8028,2256,
8029,1601,
8030,1264,
8031,1216,
8032,1424,
8033,1681,
8034,1809,
8035,1729,
8036,1568,
8037,1441,
8038,1360,
8039,1329,
8040,1360,
8041,1392,
8042,1472,
8043,1521,
8044,1553,
8045,1552,
8046,1904,
8047,2576,
8048,2912,
8049,2560,
8050,1872,
8051,,0
8052,,561
8053,,561
8054,,560
8055,,544
8056,,544
8057,,561
8058,,544
8059,,560
8060,,544
8061,,545
8062,,545
8063,,560
8064,,560
8065,,544
8066,,561
8067,,561
8068,,545
8069,,561
8070,,561
8071,,544
8072,,544
8073,,561
8074,,544
8075,,544
8076,,544
8077,,545
8078,,545
8079,,560
8080,,560
8081,,560
8082,,545
8083,,545
8084,,544
8085,,560
8086,,544
8087,,545
8088,,545
8089,,561
8090,,561
8091,,561
8092,,561
8093,,561
8094,,545
8095,,561
8096,,561
8097,,545
8098,,560
8099,,561
8100,,560
8101,1313,
8102,1089,
8103,1216,
8104,1537,
8105,1824,
8106,1857,
8107,1713,
8108,1537,
8109,1393,
8110,1329,
8111,1360,
8112,1409,
8113,1473,
8114,1505,
8115,1520,
8116,1776,
8117,2449,
8118,2912,
8119,2704,
8120,2065,
8121,1488,
8122,1168,
8123,1184,
8124,1456,
8125,1729,
8126,1793,
8127,1696,
8128,1504,
8129,1313,
8130,1233,
8131,1328,
8132,1456,
8133,1505,
8134,1536,
8135,1536,
8136,1504,
8137,1648,
8138,2273,
8139,2944,
8140,2977,
8141,2432,
8142,1776,
8143,1361,
8144,1265,
8145,1409,
8146,1632,
8147,1745,
8148,1713,
8149,1569,
8150,1457,
8151,,0
8152,,545
8153,,560
8154,,545
8155,,544
8156,,560
8157,,544
8158,,560
8159,,560
8160,,560
8161,,545
8162,,561
8163,,561
8164,,561
8165,,560
8166,,545
8167,,561
8168,,544
8169,,545
8170,,544
8171,,560
8172,,545
8173,,561
8174,,545
8175,,545
8176,,561
8177,,560
8178,,560
8179,,560
8180,,560
8181,,545
8182,,560
8183,,560
8184,,561
8185,,561
8186,,561
8187,,560
8188,,560
8189,,561
8190,,561
8191,,561
8192,,544
8193,,561
8194,,561
8195,,560
8196,,560
8197,,560
8198,,560
8199,,561
8200,,560
8201,1392,
8202,1361,
8203,1376,
8204,1392,
8205,1440,
8206,1489,
8207,1488,
8208,1472,
8209,1472,
8210,1457,
8211,1616,
8212,2241,
8213,2928,
8214,2993,
8215,2417,
8216,1728,
8217,1281,
8218,1200,
8219,1424,
8220,1712,
8221,1840,
8222,1777,
8223,1600,
8224,1456,
8225,1360,
8226,1360,
8227,1392,
8228,1440,
8229,1457,
8230,1488,
8231,1489,
8232,1505,
8233,1793,
8234,2480,
8235,2913,
8236,2672,
8237,2016,
8238,1409,
8239,1137,
8240,1216,
8241,1488,
8242,1745,
8243,1808,
8244,1681,
8245,1489,
8246,1360,
8247,1313,
8248,1313,
8249,1361,
8250,1424,
8251,,0
8252,,544
8253,,560
8254,,561
8255,,560
8256,,561
8257,,560
8258,,560
8259,,561
8260,,561
8261,,560
8262,,545
8263,,560
8264,,560
8265,,544
8266,,560
8267,,560
8268,,561
8269,,545
8270,,560
8271,,544
8272,,561
8273,,561
8274,,561
8275,,560
8276,,561
8277,,544
8278,,561
8279,,561
8280,,561
8281,,560
8282,,545
8283,,560
8284,,544
8285,,561
8286,,561
8287,,544
8288,,560
8289,,560
8290,,560
8291,,545
8292,,561
8293,,544
8294,,560
8295,,561
8296,,561
8297,,561
8298,,561
8299,,561
8300,,561
8301,1473,
8302,1488,
8303,1457,
8304,1473,
8305,1601,
8306,2177,
8307,2913,
8308,3056,
8309,2529,
8310,1808,
8311,1328,
8312,1216,
8313,1360,
8314,1585,
8315,1761,
8316,1729,
8317,1569,
8318,1424,
8319,1328,
8320,1297,
8321,1329,
8322,1361,
8323,1425,
8324,1473,
8325,1489,
8326,1488,
8327,1456,
8328,1504,
8329,1952,
8330,2704,
8331,3089,
8332,2737,
8333,1985,
8334,1408,
8335,1168,
8336,1249,
8337,1505,
8338,1744,
8339,1793,
8340,1665,
8341,1472,
8342,1345,
8343,1297,
8344,1328,
8345,1377,
8346,1440,
8347,1456,
8348,1489,
8349,1489,
8350,1648,
8351,,0
8352,,561
8353,,561
8354,,560
8355,,560
8356,,560
8357,,544
8358,,560
8359,,560
8360,,561
8361,,560
8362,,560
8363,,560
8364,,544
8365,,560
8366,,561
8367,,560
8368,,560
8369,,561
8370,,560
8371,,561
8372,,560
8373,,561
8374,,560
8375,,561
8376,,560
8377,,561
8378,,560
8379,,544
8380,,544
8381,,560
8382,,560
8383,,561
8384,,561
8385,,545
8386,,544
8387,,560
8388,,560
8389,,561
8390,,560
8391,,560
8392,,561
8393,,561
8394,,561
8395,,561
8396,,544
8397,,545
8398,,560
8399,,560
8400,,560
8401,2241,
8402,2848,
8403,2832,
8404,2225,
8405,1536,
8406,1088,
8407,1057,
8408,1329,
8409,1681,
8410,1857,
8411,1777,
8412,1569,
8413,1361,
8414,1264,
8415,1264,
8416,1312,
8417,1409,
8418,1472,
8419,1537,
8420,1649,
8421,2177,
8422,2832,
8423,2960,
8424,2448,
8425,1744,
8426,1281,
8427,1152,
8428,1312,
8429,1569,
8430,1744,
8431,1729,
8432,1600,
8433,1440,
8434,1344,
8435,1313,
8436,1329,
8437,1360,
8438,1393,
8439,1457,
8440,1504,
8441,1872,
8442,2592,
8443,2992,
8444,2672,
8445,2016,
8446,1441,
8447,1201,
8448,1249,
8449,1504,
8450,1712,
8451,,0
8452,,561
8453,,544
8454,,561
8455,,560
8456,,560
8457,,560
8458,,560
8459,,545
8460,,561
8461,,560
8462,,561
8463,,560
8464,,545
8465,,544
8466,,560
8467,,560
8468,,560
8469,,561
8470,,560
8471,,560
8472,,560
8473,,560
8474,,560
8475,,560
8476,,544
8477,,561
8478,,544
8479,,560
8480,,560
8481,,561
8482,,561
8483,,561
8484,,545
8485,,560
8486,,561
8487,,561
8488,,561
8489,,560
8490,,560
8491,,560
8492,,560
8493,,560
8494,,560
8495,,560
8496,,560
8497,,561
8498,,560
8499,,561
8500,,560
8501,1776,
8502,1649,
8503,1488,
8504,1392,
8505,1329,
8506,1329,
8507,1377,
8508,1441,
8509,1472,
8510,1520,
8511,1952,
8512,2640,
8513,2897,
8514,2449,
8515,1761,
8516,1232,
8517,1089,
8518,1297,
8519,1617,
8520,1824,
8521,1792,
8522,1633,
8523,1440,
8524,1328,
8525,1296,
8526,1376,
8527,1456,
8528,1489,
8529,1473,
8530,1729,
8531,2433,
8532,2944,
8533,2817,
8534,2320,
8535,1856,
8536,1521,
8537,1440,
8538,1537,
8539,1680,
8540,1729,
8541,1697,
8542,1601,
8543,1488,
8544,1360,
8545,1233,
8546,1169,
8547,1217,
8548,1312,
8549,1472,
8550,1664,
8551,,0
8552,,561
8553,,560
8554,,560
8555,,561
8556,,561
8557,,560
8558,,561
8559,,561
8560,,561
8561,,560
8562,,561
8563,,561
8564,,576
8565,,560
8566,,560
8567,,561
8568,,561
8569,,560
8570,,560
8571,,561
8572,,560
8573,,560
8574,,561
8575,,560
8576,,561
8577,,561
8578,,560
8579,,560
8580,,560
8581,,561
8582,,561
8583,,576
8584,,561
8585,,560
8586,,560
8587,,560
8588,,560
8589,,561
8590,,560
8591,,560
8592,,560
8593,,560
8594,,561
8595,,560
8596,,560
8597,,560
8598,,560
8599,,561
8600,,560
8601,2176,
8602,2897,
8603,3169,
8604,2656,
8605,1840,
8606,1297,
8607,1152,
8608,1312,
8609,1569,
8610,1792,
8611,1809,
8612,1648,
8613,1424,
8614,1312,
8615,1313,
8616,1408,
8617,1505,
8618,1585,
8619,1553,
8620,1617,
8621,2129,
8622,2752,
8623,2817,
8624,2240,
8625,1521,
8626,1120,
8627,1072,
8628,1361,
8629,1681,
8630,1872,
8631,1824,
8632,1617,
8633,1424,
8634,1329,
8635,1312,
8636,1393,
8637,1504,
8638,1616,
8639,1985,
8640,2657,
8641,2897,
8642,2400,
8643,1632,
8644,1216,
8645,1216,
8646,1425,
8647,1665,
8648,1809,
8649,1745,
8650,1472,
8651,,0
8652,,560
8653,,544
8654,,545
8655,,544
8656,,544
8657,,544
8658,,545
8659,,545
8660,,529
8661,,528
8662,,529
8663,,528
8664,,528
8665,,528
8666,,528
8667,,529
8668,,529
8669,,512
8670,,512
8671,,512
8672,,513
8673,,512
8674,,513
8675,,512
8676,,497
8677,,496
8678,,497
8679,,497
8680,,497
8681,,497
8682,,480
8683,,480
8684,,496
8685,,481
8686,,496
8687,,481
8688,,481
8689,,480
8690,,481
8691,,481
8692,,481
8693,,480
8694,,480
8695,,481
8696,,465
8697,,465
8698,,465
8699,,465
8700,,465
8701,1185,
8702,1105,
8703,1217,
8704,1377,
8705,1521,
8706,1536,
8707,1520,
8708,1472,
8709,1409,
8710,1505,
8711,2161,
8712,3009,
8713,3169,
8714,2593,
8715,1825,
8716,1296,
8717,1136,
8718,1265,
8719,1520,
8720,1681,
8721,1680,
8722,1553,
8723,1360,
8724,1249,
8725,1232,
8726,1280,
8727,1360,
8728,1392,
8729,1441,
8730,1457,
8731,1440,
8732,1424,
8733,1377,
8734,1505,
8735,2208,
8736,3009,
8737,3104,
8738,2480,
8739,1664,
8740,1152,
8741,1072,
8742,1249,
8743,1568,
8744,1808,
8745,1777,
8746,1601,
8747,1408,
8748,1264,
8749,1232,
8750,1248,
